navaid_id,dme_frequency_khz,dme_channel,dme_latitude_deg,dme_longitude_deg
85052,111450,051Y,,
85058,110700,044X,,
85063,114400,091X,,
85065,109700,034X,,
85067,108200,019X,,
85070,110200,039X,55.39580000,-116.48200000
85072,108900,026X,,
85074,111250,049Y,,
85080,110600,043X,53.26810000,-114.95700000
85086,108200,019X,,
85088,111000,047X,,
85089,111800,055X,,
85107,110000,037X,,
85113,108800,025X,58.40330000,-115.94600000
85114,110000,037X,51.50170000,-112.75100000
85119,111600,053X,,
85135,111400,051X,,
85137,108400,021X,52.30860000,-112.75400000
85140,109000,027X,,
85142,111400,051X,,
85143,109400,031X,53.58000000,-116.45300000
85148,109300,030X,,
85149,109800,035X,,
85151,108800,025X,54.14310000,-113.74900000
85169,114800,095X,,
85181,113100,078X,,
85183,116700,114X,,
85184,116700,114X,57.10390000,9.99281000
85186,113300,080X,,
85187,115500,102X,,
85188,116100,108X,,
85189,116300,110X,,
85202,112500,072X,,
85203,109700,034X,,
85204,112400,071X,,
85205,108450,021Y,,
85206,116300,110X,,
85207,114500,092X,,
85210,112900,076X,,
85211,113700,084X,,
85212,114600,093X,,
85213,113300,080X,,
85217,113200,079X,,
85218,113000,077X,,
85220,115100,098X,,
85222,112100,058X,,
85227,115900,106X,,
85228,113100,078X,,
85231,117800,125X,,
85232,112000,057X,,
85234,116200,109X,,
85235,114400,091X,,
85238,115300,100X,,
85239,110200,039X,,
85240,108600,023X,,
85242,116400,111X,,
85243,114300,090X,,
85256,112100,058X,,
85257,112700,074X,,
85263,117800,125X,,
85264,114000,087X,51.87130000,-176.67400000
85265,112700,074X,,
85266,116700,114X,,
85267,117200,119X,,
85268,115400,101X,,
85269,114300,090X,,
85271,112600,073X,,
85273,112900,076X,,
85276,113100,078X,,
85282,109800,035X,,
85284,116100,108X,,
85288,114400,091X,,
85289,114900,096X,,
85291,134000,067X,,
85302,110000,037X,,
85303,115300,100X,,
85304,112000,057X,,
85306,110400,041X,,
85308,114800,095X,,
85310,113600,083X,,
85312,116700,114X,,
85313,113400,081X,,
85319,109000,027X,,
85321,109600,033X,,
85322,109300,030X,,
85324,108600,023X,,
85325,113200,079X,,
85333,111800,055X,,
85338,117100,118X,,
85341,112900,076X,,
85348,115600,103X,,
85349,117800,125X,,
85351,114800,095X,41.77010000,8.77447000
85363,113400,081X,,
85365,113450,081Y,,
85366,110200,039X,,
85367,113600,083X,,
85369,117300,120X,,
85371,112800,075X,,
85372,114400,091X,,
85375,116000,107X,,
85376,112050,057Y,,
85377,110000,037X,,
85378,113300,080X,,
85380,115800,105X,,
85394,115300,100X,,
85395,111200,049X,,
85396,116950,116Y,44.04830000,8.12761000
85397,115500,102X,28.44350000,129.58300000
85400,115200,099X,,
85402,114500,092X,,
85404,115800,105X,,
85405,113800,085X,,
85409,117900,126X,,
85413,112300,070X,,
85414,115000,097X,,
85416,112600,073X,,
85417,112200,059X,,
85420,112500,072X,,
85422,113900,086X,,
85424,113800,085X,38.26830000,-0.57006100
85427,116400,111X,,
85428,113800,085X,,
85441,114700,094X,,
85442,116100,108X,,
85443,113700,084X,,
85447,113950,086Y,,
85449,116100,108X,67.10620000,-157.85700000
85450,115100,098X,,
85452,113500,082X,,
85453,133400,061X,,
85456,115500,102X,,
85457,116300,110X,,
85461,114100,088X,36.83310000,-2.25944000
85462,113950,086Y,,
85464,116300,110X,,
85465,112700,074X,,
85481,113500,082X,,
85483,110650,043Y,,
85484,114300,090X,,
85486,114800,095X,,
85487,112200,059X,,
85488,114300,090X,,
85492,113300,080X,,
85496,112700,074X,,
85497,114900,096X,,
85498,115600,103X,,
85499,117100,118X,,
85500,115400,101X,,
85505,113500,082X,,
85506,113700,084X,,
85507,109100,028X,,
85508,114500,092X,,
85510,112400,071X,62.64150000,-160.18900000
85511,112700,074X,,
85512,112050,057Y,,
85513,114000,087X,,
85514,112900,076X,,
85515,115200,099X,,
85520,108600,023X,,
85536,116700,114X,,
85538,116700,114X,,
85542,108800,025X,,
85543,114800,095X,,
85545,112500,072X,,
85551,113100,078X,,
85568,112700,074X,,
85571,115700,104X,,
85574,109000,027X,,
85575,108200,019X,,
85578,113900,086X,,
85581,114500,092X,,
85582,113900,086X,-16.63470000,128.44700000
85584,111600,053X,,
85585,113600,083X,,
85586,116500,112X,,
85587,116000,107X,,
85588,116700,114X,,
85591,116000,107X,,
85595,112600,073X,,
85598,112800,075X,,
85601,109800,035X,,
85604,112400,071X,,
85605,117000,117X,,
85608,115900,106X,-23.79270000,133.87800000
85618,108750,024Y,,
85619,116000,107X,,
85620,114500,092X,,
85622,112300,070X,,
85623,112200,059X,,
85624,115300,100X,,
85629,113700,084X,,
85630,112300,070X,,
85632,116100,108X,,
85634,117700,124X,,
85635,114200,089X,,
85636,114000,087X,,
85639,113750,084Y,,
85640,110200,039X,,
85653,115900,106X,,
85654,117400,121X,,
85658,116100,108X,,
85659,114650,093Y,38.28610000,-0.58661700
85660,113400,081X,,
85664,116900,116X,33.62460000,-84.42580000
85667,114900,096X,46.80550000,4.25939000
85668,112300,070X,,
85669,112600,073X,,
85673,114400,091X,,
85674,116600,113X,,
85682,114000,087X,,
85683,111400,051X,,
85684,115900,106X,,
85685,113000,077X,,
85687,114500,092X,,
85688,111600,053X,,
85689,116100,108X,-38.04890000,144.45900000
85698,110600,043X,,
85700,117100,118X,,
85701,116400,111X,,
85710,113500,082X,,
85712,113500,082X,,
85715,114000,087X,,
87328,117200,119X,,
85722,112800,075X,,
85723,115600,103X,-36.06810000,146.96600000
85733,117100,118X,-25.17140000,130.97500000
85734,110200,039X,,
85735,115500,102X,,
85736,114000,087X,,
85744,109000,027X,,
85745,111200,049X,,
85746,109650,033Y,,
85779,108600,023X,,
85781,113400,081X,,
85782,115800,105X,,
85783,116400,111X,,
85784,113000,077X,,
85785,113300,080X,,
85786,113100,078X,,
85789,115300,100X,,
85792,112700,074X,,
85793,115100,098X,,
85794,113900,086X,,
85795,115500,102X,,
85796,115800,105X,,
85798,113600,083X,,
85799,112200,059X,,
85800,114900,096X,,
85803,112800,075X,41.32350000,-2.62989000
85806,133700,064X,,
85807,113700,084X,,
85808,108300,020X,,
85809,113400,081X,,
85810,117400,121X,,
85811,116400,111X,,
85815,111600,053X,,
85816,116200,109X,,
85819,117300,120X,,
85821,108200,019X,,
85825,110600,043X,,
85835,116600,113X,,
85838,116600,113X,,
85840,116000,107X,,
85841,115500,102X,,
85842,112800,075X,,
85843,112200,059X,41.01680000,-5.45653000
85844,112600,073X,,
85845,109600,033X,,
85846,112100,058X,,
85848,113900,086X,,
85850,115300,100X,,
85851,113500,082X,,
85853,112750,074Y,,
85855,116200,109X,,
85865,114300,090X,,
85867,112800,075X,,
85871,108100,018X,,
85872,116700,114X,41.30720000,2.10797000
85873,117450,121Y,,
85875,116000,107X,,
85878,113900,086X,,
85880,109400,031X,,
85882,114700,094X,,
85894,113900,086X,,
85895,112700,074X,,
85896,113200,079X,,
85898,115100,098X,,
85901,111600,053X,,
85903,114700,094X,,
85904,114200,089X,,
85908,109000,027X,,
85909,111000,047X,,
85910,112100,058X,,
85911,108200,019X,,
85912,117200,119X,,
85915,116700,114X,,
85916,108800,025X,,
85918,114900,096X,,
85922,114400,091X,,
85932,113800,085X,,
92093,11495,073X,45.66960000,9.70925000
85935,115800,105X,,
85936,117300,120X,,
85937,117200,119X,,
85939,116500,112X,,
85940,113950,086Y,,
85948,114100,088X,,
85952,116500,112X,,
85959,116600,113X,,
85962,112600,073X,,
85965,112800,075X,,
85967,111500,052X,,
85968,110000,037X,,
85979,113500,082X,,
85980,116200,109X,,
85941,,070X,,
85984,108600,023X,,
85985,110600,043X,,
85990,112700,074X,,
85992,115800,105X,,
85993,113500,082X,,
85995,112600,073X,,
85998,112500,072X,,
85999,114800,095X,,
86000,112200,059X,41.94760000,3.20886000
86001,114300,090X,,
86002,112000,057X,,
86013,113500,082X,,
86015,112050,057Y,,
86016,115400,101X,,
86019,114200,089X,-32.00080000,141.48000000
86023,112000,057X,,
86025,117900,126X,,
86031,117700,124X,,
86046,109000,027X,,
86048,114900,096X,,
86049,116900,116X,,
86050,115100,098X,,
86051,109600,033X,,
86052,116800,115X,-34.17890000,150.10700000
86053,112500,072X,,
86055,114500,092X,,
86057,115000,097X,,
86058,114300,090X,,
86059,116500,112X,,
86062,111800,055X,,
86063,114200,089X,,
86064,112900,076X,,
86068,112300,070X,,
86072,115400,101X,,
86073,113500,082X,,
86075,108600,023X,,
86080,115800,105X,,
86095,113800,085X,,
86096,117700,124X,,
86098,115300,100X,,
86101,109600,033X,,
86102,117700,124X,,
86104,109150,028Y,,
86105,114300,090X,,
86107,113700,084X,,
86110,115800,105X,,
86117,117700,124X,,
86118,108800,025X,,
86119,115100,098X,,
86120,116250,109Y,,
86121,117300,120X,,
86140,116700,114X,,
86141,116100,108X,,
86143,116100,108X,,
86145,116200,109X,,
86146,114600,093X,,
86147,116700,114X,,
86149,110000,037X,,
86150,113600,083X,,
86151,117400,121X,,
86152,113700,084X,,
86153,116200,109X,,
86156,117450,121Y,,
86157,116200,109X,38.15250000,-3.62507000
86159,117500,122X,,
86160,112100,058X,,
86161,116900,116X,,
86164,116700,114X,,
86165,114100,088X,,
86166,115900,106X,,
86177,117900,126X,,
86179,113750,084Y,44.82720000,-0.72327800
86181,108200,019X,,
86182,110400,041X,,
86184,117450,121Y,,
86187,112100,058X,,
86189,113200,079X,,
86190,112500,072X,,
86202,114100,088X,,
86203,115900,106X,,
86204,117400,121X,,
86205,114400,091X,,
86210,113100,078X,,
86211,114500,092X,,
86212,117000,117X,,
86213,117200,119X,,
86216,112400,071X,,
86219,111000,047X,,
86220,116300,110X,,
86221,115300,100X,,
86222,113750,084Y,,
86223,113900,086X,,
86228,117450,121Y,,
86229,117500,122X,,
86242,112200,059X,,
86245,114300,090X,,
86248,113900,086X,,
86250,113300,080X,,
86252,114400,091X,,
86255,110800,045X,,
86258,117600,123X,,
86260,112700,074X,,
86264,117800,125X,,
86271,116500,112X,,
86272,117500,122X,,
86273,117100,118X,,
86275,117200,119X,,
86276,116000,107X,,
86277,113700,084X,,
86279,114500,092X,,
86284,112200,059X,,
86285,113500,082X,,
86287,111200,049X,,
86288,114500,092X,,
86289,112200,059X,,
86305,116450,111Y,40.46900000,-3.55766000
86308,114000,087X,,
86309,113200,079X,40.61070000,18.00280000
86310,116900,116X,,
86311,114800,095X,,
86315,110600,043X,,
86317,112500,072X,,
86319,111400,051X,,
86322,117200,119X,,
86323,112200,059X,,
86324,115300,100X,-17.94690000,122.23500000
86325,116200,109X,,
86327,116300,110X,,
86328,115900,106X,50.28560000,30.89930000
86332,115900,106X,,
86335,114100,088X,,
86336,113600,083X,,
86338,112000,057X,,
86341,114500,092X,,
86342,117600,123X,,
86343,116200,109X,,
86345,114100,088X,,
86346,115300,100X,,
86356,108500,022X,24.42660000,118.34900000
86358,115900,106X,,
86359,117700,124X,45.43780000,10.31590000
86361,115900,106X,,
86364,112300,070X,,
86365,114850,095Y,,
86366,110000,037X,,
86367,114000,087X,,
86368,112300,070X,,
86369,114700,094X,,
86373,112400,071X,,
86376,108800,025X,,
86384,114150,088Y,,
86387,109400,031X,,
86389,116600,113X,45.74770000,-122.59200000
86393,109400,031X,,
86394,116000,107X,,
86395,115700,104X,,
86398,115900,106X,,
86399,113500,082X,,
86400,115800,105X,,
86401,116500,112X,,
86402,113500,082X,,
86404,116000,107X,,
86406,117500,122X,,
86407,114700,094X,,
86408,114150,088Y,,
86420,109400,031X,,
86421,114600,093X,,
86424,117300,120X,,
86426,117100,118X,,
86427,116400,111X,,
86428,113400,081X,,
86431,115200,099X,,
86432,114300,090X,,
86434,114700,094X,,
86435,115900,106X,,
86437,110600,043X,,
86438,112900,076X,,
86442,115800,105X,,
86443,110800,045X,,
86445,114500,092X,,
86446,116200,109X,,
86447,112200,059X,,
86448,117450,121Y,,
86457,112400,071X,,
86459,113100,078X,,
86462,113100,078X,,
86463,112300,070X,,
86465,117900,126X,,
86468,114100,088X,,
86469,113500,082X,,
86472,115100,098X,,
86481,114700,094X,,
86482,108600,023X,,
86483,117900,126X,,
86488,109600,033X,,
86490,114200,089X,,
86497,110600,043X,,
86499,113200,079X,,
86504,114100,088X,,
86506,114600,093X,,
86508,113100,078X,,
86518,116800,115X,,
86519,114300,090X,,
86523,110800,045X,,
86524,111900,056X,,
86525,112400,071X,,
86549,110800,045X,,
86552,112700,074X,,
86553,115100,098X,,
86557,114700,094X,,
86560,112500,072X,-32.26360000,125.49600000
86561,113400,081X,39.24890000,9.05397000
86563,112500,072X,,
86565,116200,109X,,
86566,114100,088X,,
86567,114100,088X,,
86568,115000,097X,,
86569,115000,097X,,
86576,113000,077X,-24.88190000,113.67300000
86577,114300,090X,,
86578,115100,098X,,
86583,109500,032X,,
86584,114300,090X,,
86586,114300,090X,,
86587,117500,122X,,
86588,112100,058X,,
86593,111650,053Y,,
86596,113000,077X,,
86599,109600,033X,,
86600,116700,114X,,
86608,114500,092X,,
86609,112100,058X,,
86610,116900,116X,,
86615,113500,082X,,
86617,117800,125X,,
86621,116900,116X,,
86622,115100,098X,,
86625,115200,099X,,
86627,117550,122Y,55.97560000,-3.99111000
86629,109200,029X,,
86630,115400,101X,,
86631,114100,088X,-12.20040000,96.84110000
86638,112900,076X,,
86639,117200,119X,,
86643,111300,050X,,
86645,114600,093X,,
86646,117000,117X,,
86647,114200,089X,39.52460000,-6.43468000
86648,109800,035X,,
86649,112200,059X,,
86655,114900,096X,,
86656,112600,073X,,
86657,112400,071X,37.84590000,-4.84491000
86658,117300,120X,,
86659,117300,120X,,
86660,112050,057Y,,
86665,114700,094X,,
86666,112300,070X,,
86669,112900,076X,39.69750000,3.43406000
86670,117100,118X,,
86671,113400,081X,,
86672,117600,123X,,
86681,112500,072X,,
86682,109000,027X,,
86683,114000,087X,,
86687,114600,093X,,
86688,115100,098X,,
86691,117750,124Y,35.89260000,-5.30528000
86692,113600,083X,,
86695,115900,106X,,
86696,108400,021X,,
86700,114350,090Y,,
86701,112200,059X,,
86710,112300,070X,,
86718,116200,109X,,
86722,112900,076X,,
86725,115350,100Y,,
86726,116900,116X,,
86727,114500,092X,,
86728,113300,080X,,
86731,115700,104X,,
86733,109200,029X,,
86734,114200,089X,,
86735,111100,048X,,
86736,117000,117X,-30.31940000,153.11600000
86737,112300,070X,22.21990000,114.03000000
86738,115300,100X,-43.50420000,172.51500000
86754,116900,116X,,
86755,115600,103X,,
86759,114500,092X,,
86760,116500,112X,,
86761,111800,055X,,
86762,115900,106X,,
86763,116800,115X,,
86764,114100,088X,,
86768,110500,042X,,
86769,116200,109X,,
86770,113700,084X,,
86772,109000,027X,,
86774,117000,117X,,
86777,113500,082X,,
86781,114500,092X,,
86782,115200,099X,,
86789,113700,084X,,
86790,113500,082X,,
86791,113100,078X,,
86795,117300,120X,,
86796,109800,035X,,
86797,114100,088X,,
86798,115800,105X,,
86799,113600,083X,,
86804,116400,111X,,
86805,114300,090X,,
86808,112900,076X,,
86811,113200,079X,,
86815,113400,081X,,
86816,115600,103X,40.37180000,-2.54466000
86818,116700,114X,,
86819,116100,108X,,
86824,112600,073X,,
86826,116100,108X,,
86827,113600,083X,,
86828,113900,086X,,
86835,110600,043X,,
86836,115000,097X,,
86837,108850,025Y,,
86847,114900,096X,,
86849,116500,112X,,
86851,115350,100Y,41.64000000,2.63450000
86853,111200,049X,,
86855,113300,080X,,
86856,112900,076X,,
86857,114550,092Y,,
86858,115500,102X,,
86860,114900,096X,,
86861,110000,037X,,
86862,117550,122Y,39.70720000,-0.98643300
86863,115000,097X,,
86864,115900,106X,,
86870,116000,107X,40.86720000,-1.29797000
86871,116900,116X,,
86872,115800,105X,,
86873,117500,122X,,
86874,112600,073X,50.22320000,3.15089000
86875,116100,108X,,
86876,113000,077X,,
86877,110000,037X,,
86879,116600,113X,,
86883,111400,051X,,
86884,112900,076X,,
86887,114700,094X,,
86892,112800,075X,,
86903,114650,093Y,,
86907,112700,074X,,
86910,114400,091X,,
86911,113100,078X,,
86913,111200,049X,,
86919,116300,110X,,
86923,117300,120X,40.64600000,-3.73569000
86924,109200,029X,,
86926,115500,102X,,
86938,110050,037Y,,
86939,113600,083X,,
86942,111800,055X,,
86944,108800,025X,,
86947,115000,097X,,
86949,108800,025X,,
86950,117700,124X,,
86951,115400,101X,,
86957,114000,087X,-36.35430000,148.95800000
86958,112900,076X,,
86959,113000,077X,,
86960,117400,121X,,
86965,112700,074X,,
86970,115800,105X,,
86971,113700,084X,,
86973,110200,039X,,
86975,108200,019X,,
86989,109650,033Y,,
86990,116200,109X,,
86993,112000,057X,,
86994,110000,037X,,
86995,111600,053X,,
86998,114350,090Y,,
87011,114800,095X,,
87020,116500,112X,,
87022,133300,060X,,
87023,112000,057X,,
87026,117600,123X,33.81330000,-78.72440000
87028,114500,092X,,
87031,112300,070X,,
87032,112400,071X,,
87034,114600,093X,,
87035,109200,029X,49.25600000,2.51728000
87036,115700,104X,,
87037,114800,095X,,
87039,112800,075X,,
87041,117100,118X,,
87044,117300,120X,11.41330000,-69.68340000
87045,115500,102X,,
87046,115400,101X,,
87047,116900,116X,,
87051,117500,122X,,
87052,110200,039X,,
87055,113000,077X,,
87062,117100,118X,,
87063,117500,122X,,
87064,116750,114Y,,
87066,116300,110X,,
87067,115500,102X,,
87071,113300,080X,,
87072,116450,111Y,,
87077,114400,091X,,
87078,116500,112X,,
87080,116250,109Y,,
87081,108200,019X,,
87083,113400,081X,,
87084,112300,070X,,
87086,117600,123X,,
87088,112300,070X,,
87089,116300,110X,,
87091,116000,107X,,
87093,116500,112X,,
87094,115100,098X,,
87095,115700,104X,,
87096,115700,104X,,
87097,111800,055X,,
87099,112000,057X,,
87105,116300,110X,,
87109,113300,080X,,
87110,117100,118X,,
87112,112200,059X,,
87114,113300,080X,,
87115,114800,095X,,
87116,113600,083X,,
87121,111200,049X,,
87122,114100,088X,,
87123,114500,092X,,
87125,116500,112X,,
87126,108200,019X,,
87136,113800,085X,,
87137,112050,057Y,,
87139,113600,083X,35.72670000,140.80000000
87140,116200,109X,,
87141,117300,120X,,
87142,114600,093X,,
87146,113700,084X,,
87149,115200,099X,,
87150,115400,101X,,
87152,111600,053X,,
87153,115300,100X,,
87155,117200,119X,,
87166,112800,075X,,
87174,117400,121X,,
87177,115100,098X,,
87181,112700,074X,,
87182,112300,070X,,
87189,113400,081X,,
87191,115950,106Y,,
87193,113100,078X,,
87196,108600,023X,,
87200,116500,112X,,
87202,114500,092X,,
87206,116750,114Y,,
87207,114500,092X,,
87208,117300,120X,,
87210,112600,073X,,
87212,116300,110X,,
87214,112900,076X,,
87215,112000,057X,,
87236,109600,033X,,
87253,112700,074X,,
87256,113200,079X,,
87257,109700,034X,,
87258,108800,025X,,
87260,115300,100X,,
87261,114700,094X,,
87264,116000,107X,,
87266,108400,021X,,
87267,114400,091X,,
87269,112100,058X,,
87272,111200,049X,,
87273,113700,084X,,
87274,113700,084X,,
87275,114200,089X,,
87276,116900,116X,,
87277,117100,118X,,
87278,114500,092X,-9.07383000,143.21200000
87279,114300,090X,,
87281,116100,108X,,
87288,115700,104X,,
87289,115400,101X,,
87290,113000,077X,,
87291,113100,078X,,
87292,115800,105X,,
87295,116900,116X,,
87303,111000,047X,,
87307,114300,090X,,
87308,115200,099X,,
87309,112800,075X,,
87315,108200,019X,,
87316,116500,112X,,
87317,113900,086X,,
87318,108600,023X,,
87319,117200,119X,,
87321,116200,109X,,
87329,108200,019X,,
87334,113500,082X,,
87335,113800,085X,,
87336,117900,126X,,
87338,112400,071X,,
87340,117300,120X,,
87346,117500,122X,,
87352,114500,092X,33.67600000,130.38900000
87353,109400,031X,,
87354,108600,023X,,
87356,112900,076X,,
87357,112600,073X,42.45340000,-2.88059000
87358,114100,088X,,
87361,117200,119X,,
87362,116300,110X,,
87364,109900,036X,,
87365,116500,112X,,
87366,114500,092X,,
87367,113900,086X,,
87368,116100,108X,,
87370,112000,057X,,
87376,113600,083X,,
87377,113500,082X,,
87378,112900,076X,,
87379,114400,091X,,
87381,115900,106X,,
87382,113400,081X,,
87383,114300,090X,,
87386,116000,107X,,
87387,110000,037X,,
87392,114100,088X,,
87394,113600,083X,,
87396,111450,051Y,,
87404,117800,125X,,
87407,115800,105X,,
87408,114600,093X,,
87409,116200,109X,,
87410,113500,082X,,
87415,112900,076X,,
87416,112300,070X,,
87418,115200,099X,,
87419,114400,091X,,
87420,116400,111X,,
87421,112600,073X,,
87422,117000,117X,,
87423,112200,059X,,
87424,113000,077X,,
87436,117600,123X,,
87438,108600,023X,,
87439,116000,107X,,
87441,114500,092X,,
87442,108600,023X,,
87445,112600,073X,,
87452,113600,083X,,
96022,114300,090X,,
87455,115400,101X,,
87458,116200,109X,,
87460,112500,072X,,
87463,112500,072X,,
87464,111000,047X,,
87465,117200,119X,,
87466,112100,058X,,
87467,113100,078X,,
87483,113000,077X,,
87484,116500,112X,,
87485,112300,070X,,
87486,112400,071X,,
87487,112700,074X,,
87488,112700,074X,,
87490,115000,097X,,
87492,110550,042Y,,
87493,108650,023Y,,
87495,110000,037X,,
87496,114900,096X,,
87501,108400,021X,,
87504,117700,124X,,
87505,116100,108X,,
87506,116300,110X,-41.17030000,146.43400000
87508,116800,115X,,
87511,114500,092X,,
87512,114000,087X,,
87520,114800,095X,,
87521,115300,100X,,
87523,117300,120X,,
87524,114100,088X,,
87526,114350,090Y,,
87527,108200,019X,,
87530,117000,117X,,
87536,117600,123X,,
87537,117300,120X,,
87538,117500,122X,,
87542,116100,108X,,
87544,113900,086X,,
87546,111200,049X,,
87549,116400,111X,,
87550,114400,091X,-32.21970000,148.57800000
87556,115700,104X,,
87557,114900,096X,,
87558,111000,047X,,
87559,108800,025X,,
87560,117500,122X,,
87561,115150,098Y,,
87562,113900,086X,53.90470000,-166.54900000
87563,112700,074X,,
87566,109800,035X,,
87567,114600,093X,,
87571,114900,096X,,
87572,111000,047X,,
87574,114950,096Y,,
87575,114700,094X,,
87585,117700,124X,,
87586,134500,002X,,
87588,112000,057X,,
87592,109000,027X,,
87595,113400,081X,,
87601,109400,031X,,
87607,116800,115X,,
87608,133600,063X,,
87611,112500,115X,,
87613,113300,080X,,
87615,113500,082X,,
87621,110400,041X,55.96330000,-113.82300000
87632,111000,047X,,
87633,112900,076X,,
87641,116000,107X,,
87642,114700,094X,,
87644,110400,041X,,
87646,112500,072X,,
87648,114000,087X,,
87657,113400,081X,,
87660,114700,094X,,
87663,109400,031X,,
87665,111400,051X,,
87666,116400,111X,,
87669,115200,099X,,
87671,112400,071X,,
87672,109400,031X,,
87676,109400,031X,,
87677,112050,057Y,,
87690,115400,101X,,
87691,108150,018Y,,
87693,117200,119X,,
87695,117400,121X,,
87696,115100,098X,,
87697,115900,106X,,
87700,116300,110X,,
87701,114200,089X,,
87703,116750,114Y,,
87705,115200,099X,,
87713,116400,111X,,
87714,114700,094X,,
87715,114300,090X,,
87716,117200,119X,,
87718,115500,102X,,
87719,114700,094X,,
87720,108200,019X,,
87724,117900,126X,,
87725,117600,123X,,
87726,109600,033X,,
87729,115200,099X,,
87732,114500,092X,,
87734,108600,023X,,
87735,116600,113X,,
87736,110600,043X,,
87737,111400,051X,,
87742,111200,049X,,
87743,117900,126X,,
87745,112800,075X,,
87754,117600,123X,,
87755,115400,101X,,
87756,115400,101X,,
87757,117100,118X,,
87758,115700,104X,,
87759,114700,094X,,
87760,112300,070X,,
87761,115000,097X,,
87762,117800,125X,,
87763,115800,105X,,
87764,111400,051X,,
87765,112900,076X,,
87766,117100,118X,,
87767,112300,070X,,
87770,109200,029X,,
87771,115250,099Y,,
87777,113200,079X,,
87778,112000,057X,42.59370000,-5.64597000
87780,117300,120X,,
87781,112600,073X,,
87789,115650,103Y,,
87792,113700,084X,,
87800,117100,118X,,
87801,113600,083X,,
87803,115500,102X,,
87804,114900,096X,,
87805,113850,085Y,,
87807,113500,082X,,
87809,109400,031X,,
87811,114900,096X,,
87812,112700,074X,,
87817,116300,110X,-23.62560000,27.95560000
87818,108200,019X,,
87819,111400,051X,,
87820,115500,102X,,
87826,114900,096X,,
87827,110800,045X,,
87828,117900,126X,,
87831,114400,091X,,
87832,113500,082X,,
87833,110800,045X,,
87837,112500,072X,,
87838,114200,089X,-33.67860000,121.82200000
87841,117800,125X,,
87842,108200,019X,,
87844,112700,074X,,
87849,115700,104X,,
87852,116000,107X,,
87854,116600,113X,,
87855,110200,039X,,
87856,110200,039X,,
87859,109200,029X,31.95040000,-85.13040000
87860,112900,076X,,
87861,115200,099X,,
87867,117350,120Y,,
87869,108200,019X,,
87870,134000,067X,,
87872,109600,033X,,
87873,112400,071X,49.02850000,1.21403000
87878,113800,085X,,
87879,115800,105X,,
87881,112400,071X,,
87882,113600,083X,,
87883,110800,045X,,
87889,115600,103X,,
87891,113500,082X,,
87894,116500,112X,,
87899,114700,094X,,
87915,110900,046X,,
87916,113900,086X,,
87925,114900,096X,,
87926,110000,037X,,
87927,108600,023X,,
87928,113300,080X,,
87929,109800,035X,,
87931,115700,104X,,
87932,116200,109X,,
87935,108800,025X,,
87961,108200,019X,,
87940,108600,023X,,
87947,113200,079X,,
87949,111800,055X,,
87950,108800,025X,,
87957,114400,091X,,
87967,115700,104X,,
87973,113400,081X,,
87976,114200,089X,,
87977,110400,041X,,
87978,115200,099X,,
87980,116600,113X,,
87982,116700,114X,,
87986,115700,104X,,
87992,112500,072X,,
87993,112600,073X,,
88000,112500,072X,,
88001,116700,114X,-6.61567000,147.85900000
88010,117500,122X,,
88011,113900,086X,,
88013,114700,094X,,
88014,114450,091Y,,
88015,109600,033X,,
88024,113450,081Y,,
88025,116300,110X,,
88027,110600,043X,,
88030,115300,100X,,
88034,112400,071X,,
88035,117150,118Y,,
88037,114500,092X,,
88038,114000,087X,,
88039,113850,085Y,,
88041,114400,091X,,
88042,117000,117X,,
88044,115200,099X,,
88045,112050,057Y,,
88046,112300,070X,,
88048,112800,075X,,
88049,112200,059X,44.50110000,25.70860000
88051,115550,102Y,,
88055,117500,122X,,
88056,114100,088X,,
88061,110400,041X,,
88062,117900,126X,,
88063,115800,105X,,
88065,112400,071X,,
88066,113000,077X,,
88078,109000,027X,,
88082,113700,084X,,
88083,116900,116X,,
88094,116800,115X,,
88095,113500,082X,,
88096,111600,053X,,
88097,113300,080X,,
88101,111000,047X,,
88106,114000,087X,,
88107,111200,049X,,
88110,112100,058X,,
88118,116300,110X,,
88119,117400,121X,,
88120,114400,091X,,
88130,115600,103X,,
88134,115900,106X,,
88135,113500,082X,,
88138,110850,045Y,,
88139,109850,035Y,,
88140,114100,088X,,
88141,110200,039X,,
88143,115600,103X,,
88144,113300,080X,,
88148,117150,118Y,,
88149,111400,051X,,
88150,116100,108X,,
88152,115200,099X,,
88158,115600,103X,,
88161,115000,097X,,
88163,116400,111X,,
88166,110400,041X,,
88167,115000,097X,,
88169,116900,116X,,
88175,117300,120X,,
88176,109600,033X,,
88177,113500,082X,39.66610000,-8.49333000
88182,112400,071X,,
88183,114100,088X,28.43090000,-13.86450000
88184,110800,045X,,
88189,113300,080X,,
88190,115800,105X,,
88192,112100,058X,,
88193,112200,059X,32.74690000,-16.70560000
88195,115700,104X,,
88204,117800,125X,,
88206,113300,080X,,
88214,108400,021X,,
88219,117300,120X,,
88220,114400,091X,,
88221,113700,084X,,
88226,111400,051X,,
88243,115400,101X,,
88246,115800,105X,,
88247,112300,070X,,
88248,109000,027X,,
88249,115600,103X,,
88253,114800,095X,,
88254,116700,114X,,
88257,112800,075X,,
88258,114500,092X,,
88259,113400,081X,,
88261,117400,121X,,
88262,108800,025X,,
88263,115700,104X,,
88265,117100,118X,,
88270,116700,114X,,
88273,115900,106X,,
88280,116900,116X,,
88282,113600,083X,,
88283,109800,035X,,
88287,111000,047X,,
88290,116600,113X,,
88291,113600,083X,,
88293,113700,084X,,
88294,114800,095X,,
88299,114600,093X,,
88300,113300,080X,,
88301,115600,103X,,
88302,113100,078X,,
92084,108250,086X,,
88305,115700,104X,,
88310,113400,081X,,
88317,117300,120X,,
88318,110600,043X,,
88321,112900,076X,28.07720000,-15.42860000
88332,110800,045X,,
88333,108200,019X,,
88334,109000,027X,,
88335,115500,102X,,
88336,113900,086X,,
88338,115100,098X,,
88340,112800,075X,,
88343,117300,120X,,
88354,115800,105X,,
88355,113650,083Y,,
88356,114300,090X,,
88357,110200,039X,,
88359,114400,091X,,
88360,112250,059Y,,
88361,115700,104X,,
88370,116000,107X,,
88371,115000,097X,,
88374,112300,070X,,
88378,117600,123X,,
88380,113600,083X,,
88382,117800,125X,,
88383,117600,123X,,
88386,112500,072X,,
88387,113900,086X,,
88394,114900,096X,,
88396,110900,046X,,
88398,111600,053X,,
88399,114800,095X,,
88407,114900,096X,,
88409,116900,116X,,
88412,115400,101X,,
88414,117800,125X,,
88416,117300,120X,,
88417,114100,088X,41.93120000,2.77189000
88419,108100,018X,,
88420,117700,124X,,
88425,111400,051X,,
88432,117700,124X,,
88433,115600,103X,,
88446,115100,098X,,
88449,110200,039X,,
88452,114200,089X,,
88454,112000,057X,,
88455,109200,029X,,
88459,108200,019X,,
88460,112300,070X,,
88472,114700,094X,,
88474,115400,101X,,
88475,113900,086X,,
88476,116100,108X,,
88477,112900,076X,53.64680000,-6.23491000
88485,110300,040X,,
88486,114700,094X,,
88490,117100,118X,,
88493,108800,025X,,
88494,110600,043X,,
88496,116200,109X,,
88497,115600,103X,,
88504,115300,100X,36.74490000,140.35000000
88505,112700,074X,,
88509,113100,078X,,
88510,114100,088X,,
88511,116500,112X,,
88512,110850,045Y,,
88513,115550,102Y,,
88514,115250,099Y,,
88515,115400,101X,,
88526,109000,027X,,
88527,111400,051X,,
88528,113000,077X,,
88529,115800,105X,,
88545,117500,122X,,
88546,117300,120X,,
88550,115500,102X,,
88552,115500,102X,,
88558,111800,055X,,
88559,112000,057X,40.98400000,-98.31550000
88561,111800,055X,,
88563,113400,081X,,
88564,115950,106Y,,
88565,113600,083X,,
88570,109100,028X,,
88580,114600,093X,,
88582,112300,070X,,
88584,114700,094X,,
88585,116200,109X,,
88587,114200,089X,,
88593,114500,092X,,
88594,116500,112X,,
88595,113700,084X,,
88597,116200,109X,,
88599,115700,104X,,
88609,115500,102X,,
88611,114800,095X,,
88612,115100,098X,,
88613,114500,092X,,
88614,114800,095X,-34.24970000,146.06500000
88616,114200,089X,,
88617,113500,082X,,
88622,111250,049Y,,
88625,113200,079X,,
88627,116500,112X,-8.74500000,148.25400000
88632,115100,098X,,
88633,109400,031X,,
88634,108450,021Y,,
88638,114100,088X,,
88639,115900,106X,,
88645,115750,104Y,,
88647,115600,103X,,
88648,113800,085X,,
88649,114300,090X,,
88653,112800,075X,,
88654,114750,094Y,,
88659,115900,106X,,
88660,114400,091X,,
88662,110600,043X,,
88667,116500,112X,,
88670,114100,088X,,
88674,115100,098X,47.65900000,17.72430000
88677,115900,106X,,
88681,113350,080Y,,
88682,110200,039X,,
88683,115700,104X,,
88685,116400,111X,,
88701,115400,101X,,
88702,110400,041X,,
88703,112300,070X,,
88706,113950,086Y,,
88710,114700,094X,,
88711,113300,080X,,
88713,115200,099X,,
88714,113100,078X,,
88715,117900,126X,,
88718,113800,085X,,
88721,112500,072X,,
88728,111800,055X,,
88729,112700,074X,-42.84720000,147.52700000
88737,116900,116X,,
88739,111800,055X,,
88740,113200,079X,,
88741,114900,096X,,
88749,108300,020X,,
88751,116650,113Y,,
88752,117600,123X,,
88753,116100,108X,,
88754,108800,025X,,
88756,113700,084X,,
88757,117700,124X,,
88767,114200,089X,,
88773,115000,097X,,
88774,109400,031X,,
88775,115550,102Y,,
88776,116750,114Y,,
88782,112700,074X,,
88785,115050,097Y,,
88788,114200,089X,,
88798,110000,037X,,
88802,114900,096X,,
88803,116700,114X,,
88805,113100,078X,,
88813,116500,112X,,
88814,117900,126X,,
88815,113000,077X,,
88816,112100,058X,,
88818,115800,105X,,
88819,110200,039X,,
88821,112300,070X,,
88828,112700,074X,,
88829,113300,080X,,
88833,114700,094X,,
88837,113700,084X,,
88838,110800,045X,,
88839,117600,123X,,
88843,111200,049X,,
88844,113200,079X,43.38630000,-1.79577000
88845,114700,094X,38.50820000,-5.09971000
88847,113500,082X,,
88862,117500,122X,,
88863,113300,080X,31.69720000,130.58300000
88864,117300,120X,,
88868,114000,087X,-5.45817000,150.41400000
88878,115700,104X,,
88879,110700,044X,,
88880,113700,084X,,
88882,115100,098X,,
88883,108800,025X,,
88884,116700,114X,,
88885,114900,096X,,
88886,112200,059X,,
88887,112400,071X,,
88888,113300,080X,,
88890,117700,124X,,
88891,108600,023X,,
88892,114100,088X,,
88895,114200,089X,,
88898,117300,120X,,
88899,114400,091X,,
88907,114700,094X,,
88908,112200,059X,,
88909,112400,071X,,
88910,115100,098X,,
88911,112400,071X,48.86920000,-97.11790000
88913,115650,103Y,,
88914,114500,092X,,
88915,112800,075X,,
88917,112600,073X,,
88919,114600,093X,,
88921,112600,073X,,
88922,114000,087X,,
88931,109200,029X,,
88932,116950,116Y,,
88933,116800,115X,,
88934,114800,095X,,
88935,115900,106X,,
88941,115300,100X,,
88943,115500,102X,,
88949,111000,047X,,
88950,113200,079X,,
88952,110700,044X,,
88955,113000,077X,,
88957,114600,093X,,
88958,117600,123X,,
88959,113650,083Y,,
88963,110800,045X,,
88965,110000,037X,,
88967,117250,119Y,,
88972,115200,099X,,
88974,112800,075X,,
88977,112000,057X,,
88981,117700,124X,,
88989,113200,079X,,
88991,112500,072X,,
88993,117700,124X,,
88994,109200,029X,,
88995,115400,101X,,
88997,112500,072X,,
88998,109800,035X,,
88999,110800,045X,,
89001,114100,088X,,
89007,116600,113X,,
89008,113450,081Y,,
89011,114400,091X,,
89012,108800,025X,,
89013,117400,121X,,
89015,112300,070X,,
89016,108200,019X,,
89017,116300,110X,,
89018,114000,087X,,
89022,111600,053X,,
89023,113100,078X,,
89026,113600,083X,,
89027,134100,068X,,
89028,115700,104X,,
89029,115300,100X,,
89038,117100,118X,,
89039,115800,105X,,
89042,113000,077X,,
89043,117550,122Y,,
89044,116100,108X,,
89045,111000,047X,,
89047,116100,108X,,
89048,115000,097X,,
89049,113600,083X,,
89051,113300,080X,,
89052,116800,115X,,
89053,111600,053X,,
89054,113200,079X,,
89055,112000,057X,,
89059,115900,106X,,
89060,109800,035X,,
89061,117400,121X,,
89062,111800,055X,,
89064,108600,023X,,
89071,112300,070X,,
89078,114900,096X,,
89083,109000,027X,,
89084,116200,109X,,
89086,112600,073X,,
89087,114200,089X,,
89088,113400,081X,,
89089,110400,041X,,
89097,114100,088X,,
89105,110700,044X,,
89114,116500,112X,,
89115,111000,047X,,
89116,116600,113X,,
89124,112100,058X,,
89125,117800,125X,38.86840000,1.36596000
89127,112000,057X,,
89130,109100,028X,,
89133,109100,028X,,
89142,114700,094X,,
89144,113800,085X,,
89152,108900,026X,,
89153,113850,085Y,,
89154,111300,050X,,
89156,110200,039X,,
89160,110300,040X,,
89166,109900,036X,,
89167,114700,094X,,
89171,117100,118X,,
89177,116200,109X,,
89178,111400,051X,,
89180,108800,025X,,
89181,117600,123X,,
89182,112300,070X,,
89183,114100,088X,,
89184,109300,030X,,
89188,108200,019X,,
89189,109700,034X,,
89191,109700,034X,,
89193,109100,028X,,
89195,116700,114X,,
89196,108700,024X,,
89197,115900,106X,,
89198,115900,106X,,
89199,108600,023X,,
89200,114800,095X,,
89204,109100,028X,,
89205,109800,035X,,
89206,108600,023X,,
89210,114300,090X,,
89212,113200,079X,,
89213,111600,053X,,
89216,111100,048X,,
89217,112300,070X,,
89226,114400,091X,,
89227,114800,095X,,
89229,116300,110X,,
89230,114400,091X,59.74900000,-154.90900000
89232,113700,084X,,
89233,117000,117X,,
89234,112600,073X,,
89239,113800,085X,,
89247,115600,103X,,
89248,115050,097Y,,
89250,111100,048X,,
89252,112900,076X,,
89253,113700,084X,,
89256,111200,049X,,
89257,116400,111X,,
89266,108200,019X,,
89267,113300,080X,,
89269,112400,071X,,
89272,112100,058X,,
89273,111000,047X,,
89277,134000,067X,,
89278,109200,029X,,
89279,109300,030X,,
89280,112600,073X,,
89283,110500,042X,,
89286,110100,038X,,
89287,112200,059X,,
89289,116300,110X,,
89290,111350,050Y,,
89291,115100,098X,,
89292,116200,109X,,
89293,109500,032X,,
89299,117100,118X,,
89301,113600,083X,,
89302,115900,106X,,
89303,109700,034X,,
89304,117500,122X,,
89306,110300,040X,,
89308,113300,080X,,
89310,116500,112X,,
89311,109500,032X,,
89317,108800,025X,,
89319,111900,056X,,
89320,113300,080X,,
89322,110300,040X,,
89323,114600,093X,,
89324,112300,070X,,
89327,113900,086X,,
89329,114100,088X,,
89339,111700,054X,,
89345,116300,110X,,
89346,113200,079X,,
89347,109600,033X,,
89348,110400,041X,,
89349,117000,117X,,
89352,112500,072X,,
89353,110900,046X,,
89355,109950,036Y,,
89363,110700,044X,,
89364,111800,055X,,
89366,116900,116X,,
89367,110950,046Y,,
89368,115700,104X,,
89373,110150,038Y,,
89376,109300,030X,,
89377,109900,036X,,
89380,116000,107X,,
89381,114200,089X,,
89384,109500,032X,,
89388,113300,080X,,
89389,114300,090X,34.07990000,132.14700000
89390,108800,025X,,
89394,114800,095X,,
89396,110300,040X,,
89397,109500,032X,,
89398,117700,124X,,
89399,110100,038X,,
89402,111500,052X,,
89404,109500,032X,,
89407,113500,082X,,
89411,112200,059X,,
89415,116200,109X,51.74220000,-121.33800000
89424,111950,056Y,,
89425,116400,111X,,
89427,112200,059X,,
89428,115400,101X,43.62140000,-110.73300000
89430,115800,105X,,
89431,116800,115X,,
89433,112600,073X,32.50750000,-90.16760000
89434,110800,045X,,
89436,113800,085X,,
89438,108200,019X,,
89448,112200,059X,,
89449,112900,076X,,
89451,108600,023X,,
89453,114050,087Y,,
89456,116000,107X,,
89462,117900,126X,,
89465,112150,058Y,,
89466,114900,096X,,
89468,116700,114X,,
89469,115600,103X,,
89470,115000,097X,,
89475,115900,106X,,
89476,115200,099X,,
89484,112500,072X,,
89488,112100,058X,,
89489,114700,094X,,
89490,112700,074X,,
89492,113700,084X,,
89493,117900,126X,,
89495,113600,083X,,
89497,112300,070X,,
89498,112900,076X,,
89499,115400,101X,,
89500,113300,080X,,
89501,114500,092X,,
89503,109400,031X,,
89509,114000,087X,,
89512,117500,122X,,
89513,115000,097X,,
89515,114500,092X,,
89516,113500,082X,,
89520,112400,071X,,
89523,115700,104X,,
89524,115100,098X,,
89526,117700,124X,39.56470000,2.74658000
89529,112800,075X,,
89530,116700,114X,,
89531,116700,114X,,
89532,115800,105X,,
89533,113100,078X,,
89534,112300,070X,,
89537,116200,109X,,
89542,108600,023X,,
89552,113000,077X,36.81530000,-6.02629000
89554,116300,110X,,
89560,113000,077X,,
89562,115200,099X,,
89563,112200,059X,,
89567,114900,096X,,
89568,115400,101X,,
89569,109600,033X,,
89571,113100,078X,,
89572,113300,080X,,
89575,112900,076X,,
89577,115550,102Y,,
89582,114300,090X,,
89587,109400,031X,,
89588,111300,050X,,
89593,109600,033X,,
89601,113600,083X,,
89620,117300,120X,,
89635,112000,057X,,
89636,112600,073X,,
89638,117500,122X,,
89639,115600,103X,,
89641,112800,075X,,
89644,114500,092X,,
89645,111600,053X,,
89647,115900,106X,,
89648,112600,073X,,
89653,111900,056X,,
89654,112500,072X,,
89656,110000,037X,,
89657,113800,085X,,
89659,112500,072X,,
89660,114500,092X,,
89662,112700,074X,,
89664,112400,071X,,
89665,116400,111X,,
89669,116700,114X,,
89681,115800,105X,,
89682,117300,120X,,
89684,111000,047X,,
89685,112000,057X,,
89686,112150,058Y,,
89688,115900,106X,18.08990000,-15.95590000
89689,112100,058X,,
89696,114500,092X,,
89697,114200,089X,35.26550000,136.91500000
89698,111250,049Y,,
89710,115000,097X,,
89720,115000,097X,,
89721,116700,114X,,
89722,112900,076X,33.44800000,135.79400000
89723,112000,057X,,
89728,115000,097X,,
89729,114200,089X,,
89732,116300,110X,,
89737,,072X,,
89738,115200,099X,,
89739,112200,059X,,
89741,115500,102X,,
89742,112000,057X,,
89743,113200,079X,,
89745,113100,078X,46.59770000,14.56240000
89747,114100,088X,-30.78970000,121.45300000
89758,115700,104X,,
89759,114500,092X,,
89766,113600,083X,,
89768,109500,032X,,
89769,117000,117X,,
89770,115700,104X,,
89771,113800,085X,,
89772,113400,081X,,
89774,113900,086X,,
89776,117100,118X,,
89777,112700,074X,,
89778,116500,112X,,
89790,113300,080X,,
89791,133800,065X,,
89792,116500,112X,,
89795,112000,057X,,
89801,113600,083X,,
89802,117500,122X,,
89803,117400,121X,,
89809,113800,085X,,
89810,114100,088X,,
89815,113550,082Y,,
89821,116100,108X,-35.26320000,173.91200000
89822,113600,083X,64.93220000,-161.14900000
89823,116400,111X,,
89824,114900,096X,,
89825,115400,101X,,
89827,115700,104X,,
89841,114400,091X,,
89842,113900,086X,,
89843,116800,115X,,
89844,113700,084X,,
89845,115150,098Y,,
89847,111900,056X,,
89848,115200,099X,,
89849,113000,077X,,
89850,114850,095Y,,
89867,112000,057X,,
89868,115900,106X,,
89869,112900,076X,,
89870,113800,085X,,
89875,115100,098X,,
89878,114600,093X,,
89891,114400,091X,,
89892,115400,101X,,
89894,111800,055X,,
89896,115500,102X,,
89899,114900,096X,,
89901,114900,096X,,
89902,109600,033X,,
89903,115800,105X,,
89904,111200,049X,,
89117,,104X,,
89915,113500,082X,,
89916,114500,092X,51.09920000,2.65472000
89917,114100,088X,,
89918,112800,075X,,
89921,109000,027X,,
89924,112100,058X,,
89926,109600,033X,,
89934,109850,035Y,,
89935,112200,059X,,
89936,108800,025X,,
89937,112500,072X,,
89938,115100,098X,,
89939,114500,092X,,
89941,109600,033X,,
89957,115200,099X,,
89958,112500,072X,,
89960,116400,111X,,
89962,113700,084X,,
89964,113400,081X,,
89965,115950,106Y,,
89967,113900,086X,,
89968,114700,094X,,
89969,115150,098Y,,
89970,116900,116X,,
89971,115400,101X,,
89972,117800,125X,,
89973,112200,059X,,
89974,114300,090X,,
89975,112400,071X,,
89976,113200,079X,,
89977,112300,070X,,
89979,117800,125X,,
89980,113200,079X,,
89981,113700,084X,,
89998,115000,097X,,
89999,108200,019X,,
90001,117800,125X,,
90002,112500,072X,,
90003,115500,102X,,
90004,113900,086X,,
90006,113000,077X,,
90008,116900,116X,,
90009,116300,110X,,
90011,109800,035X,,
90012,113300,080X,,
90013,112000,057X,,
90025,115800,105X,-35.02940000,173.24100000
90027,108400,021X,,
90029,112700,074X,,
90030,113800,085X,,
90032,117800,125X,,
90033,112300,070X,,
90034,112100,058X,,
90035,117700,124X,,
90037,116800,115X,,
90038,109400,031X,,
90039,113600,083X,,
90040,112900,076X,,
90041,116500,112X,-15.77810000,128.71000000
90042,114700,094X,,
90055,115500,102X,,
90057,112800,075X,,
90062,110900,046X,,
90064,112800,075X,,
90065,115300,100X,,
90069,113800,085X,,
90071,116000,107X,,
90072,111550,052Y,,
90083,114400,091X,,
90084,114300,090X,,
90085,115000,097X,,
90086,114100,088X,,
90087,114900,096X,,
90088,108600,023X,,
90091,116700,114X,26.37170000,126.72200000
90093,115400,101X,,
90094,114900,096X,,
90095,113200,079X,,
90102,114500,092X,,
90103,112300,070X,,
90104,112700,074X,,
90106,112700,074X,,
90124,112700,074X,,
90141,116900,116X,,
90143,112150,058Y,,
90148,108250,019Y,,
90149,113700,084X,,
90152,110800,045X,,
90153,115900,106X,,
90154,116000,107X,,
90155,117000,117X,,
90156,115600,103X,,
90158,110800,045X,,
90160,112900,076X,,
90161,113700,084X,,
90162,112300,070X,,
90165,110650,043Y,,
90167,117600,123X,,
90168,109000,027X,,
90169,117900,126X,,
90174,116900,116X,,
90176,111200,049X,,
90180,112300,070X,,
90181,114600,093X,,
90182,115800,105X,,
90183,109400,031X,,
90184,113600,083X,33.93340000,-118.43200000
90185,112100,058X,,
90188,115100,098X,,
90201,109200,029X,,
90204,109200,029X,,
90205,115100,098X,,
90206,117400,121X,,
90207,117500,122X,,
90209,112300,070X,,
90210,113700,084X,,
90211,112900,076X,,
90212,113300,080X,,
90213,116500,112X,,
90216,109200,029X,,
90217,110400,041X,,
90218,110600,043X,,
90227,112800,075X,,
90229,112800,075X,,
90230,112600,073X,,
90231,111700,054X,,
90233,113400,081X,,
90234,108800,025X,,
90235,117600,123X,,
90236,134200,069X,,
90238,113600,083X,,
90246,117800,125X,,
90248,114300,090X,,
90249,117700,124X,,
90252,117600,123X,,
90254,115150,098Y,,
90255,108150,018Y,,
90256,112400,071X,,
90267,113700,084X,43.67920000,-72.21510000
90270,112150,058Y,,
90271,112600,073X,,
90273,115850,105Y,,
90274,115700,104X,,
90276,114800,095X,,
90281,109000,027X,,
90282,117500,122X,,
90284,113500,082X,,
90292,113000,077X,,
90295,111200,049X,,
90296,112300,070X,,
90297,112100,058X,,
90298,109800,035X,,
90299,113300,080X,,
90300,114700,094X,,
90305,113100,078X,,
90306,115600,103X,,
90308,115450,101Y,,
90309,115500,102X,,
90312,116000,107X,28.02860000,-17.21480000
90313,109800,035X,,
90321,110000,037X,,
90322,114300,090X,,
90323,112900,076X,,
90327,108400,021X,,
90328,114700,094X,,
90329,110800,045X,,
90336,113000,077X,,
90337,112800,075X,,
90341,112300,070X,,
90343,112400,071X,,
90344,113500,082X,,
90345,113800,085X,,
90346,114800,095X,,
90347,116000,107X,,
90348,113100,078X,,
90350,116300,110X,,
90355,114800,095X,,
90358,113900,086X,,
90360,117400,121X,,
90361,115500,102X,,
90365,115900,106X,,
90366,117600,123X,,
90369,112500,072X,,
90370,113400,081X,,
90379,114000,087X,,
90380,113200,079X,,
90382,110200,039X,,
90383,135400,011X,,
90384,115800,105X,,
90386,113500,082X,,
90387,114500,092X,,
90388,112000,057X,,
90393,110400,041X,,
90395,116500,112X,,
90396,116200,109X,,
90399,113100,078X,,
90401,108200,019X,,
90402,114200,089X,,
90407,112400,071X,,
90408,115300,100X,6.17456000,1.25975000
90415,110500,042X,,
90418,114500,092X,,
90419,115500,102X,,
90420,116700,114X,,
90421,114800,095X,,
90422,116300,110X,,
90423,109200,029X,,
90424,113100,078X,,
90427,115900,106X,,
90428,112500,072X,,
90441,114200,089X,,
90442,113500,082X,,
90443,112300,070X,,
90445,116100,108X,,
90447,110200,039X,,
90448,112800,075X,,
90450,112800,075X,,
90454,117700,124X,,
90455,116600,113X,48.22970000,14.10330000
90468,110800,045X,,
90469,116300,110X,,
90470,116800,115X,,
90473,112400,071X,,
90474,113600,083X,,
90476,109000,027X,,
90478,115800,105X,,
90482,112900,076X,,
90484,112000,057X,,
90485,114500,092X,,
90486,115900,106X,,
90487,116100,108X,,
90488,112200,059X,,
90494,115450,101Y,42.46040000,-2.32698000
90495,116600,113X,,
90496,115000,097X,27.82870000,-15.43220000
90497,108600,023X,35.50030000,12.63140000
90500,114700,094X,,
90508,109700,034X,,
90521,115100,098X,43.39610000,-8.30679000
90523,117400,121X,,
90525,108050,017Y,,
90528,109200,029X,,
90531,116200,109X,,
90533,117300,120X,,
90535,113100,078X,,
90547,114750,094Y,,
90548,108400,021X,,
90549,111400,051X,32.33240000,-84.99330000
90550,115950,106Y,,
90551,116800,115X,,
90554,109300,030X,,
90558,135500,012X,,
90559,114200,089X,,
90560,112600,073X,,
90565,113700,084X,28.94200000,-13.61650000
90566,112300,070X,,
90567,114800,095X,,
90570,113200,079X,,
90571,112900,076X,,
90572,115550,102Y,,
90573,109800,035X,,
90575,115000,097X,,
90576,117100,118X,,
90592,116700,114X,,
90594,113000,077X,,
90595,115650,103Y,,
90597,113000,077X,,
90599,110500,042X,,
90602,117600,123X,,
90604,108350,020Y,,
90605,117100,118X,,
90606,112250,059Y,,
90608,113100,078X,,
90610,112100,058X,,
90616,116850,115Y,,
90619,116500,112X,,
90623,112900,076X,,
90624,116100,108X,,
90626,108400,021X,,
90628,111600,053X,,
90638,114550,092Y,,
90639,116050,107Y,,
90640,114700,094X,,
90643,112500,072X,,
90644,112000,057X,47.05240000,-109.60600000
90646,117000,117X,,
90647,108800,025X,,
90648,117100,118X,,
90649,113100,078X,,
90650,108200,019X,,
90651,112300,070X,,
90654,114400,091X,,
90661,114050,087Y,,
90663,109800,035X,,
90665,109200,029X,,
90678,115200,099X,,
90679,112500,072X,,
90688,111200,049X,56.94940000,-117.62800000
90690,114900,096X,,
90691,117500,122X,-20.66670000,139.48900000
90710,112000,057X,,
90711,112700,074X,,
90712,116000,107X,,
90716,110400,041X,,
90719,114800,095X,,
90720,110450,041Y,,
90722,108400,021X,,
90723,115800,105X,,
90724,114000,087X,,
90726,116700,114X,,
90727,115500,102X,,
90728,113300,080X,,
90730,112100,058X,,
90731,111200,049X,,
90733,108700,024X,,
90734,114300,090X,,
90738,113400,081X,,
90739,115700,104X,,
90740,114700,094X,,
90741,112600,073X,37.05540000,-4.93983000
90747,108600,023X,,
90749,112300,070X,,
90751,117900,126X,,
90752,111200,049X,,
90753,117900,126X,,
90754,110600,043X,,
90763,115700,104X,,
90764,117700,124X,,
90765,117600,123X,,
90766,117150,118Y,,
90767,117000,117X,,
90770,111400,051X,,
90771,114500,092X,,
90772,112900,076X,,
90773,115700,104X,,
90774,111600,053X,,
90776,112900,076X,,
90778,114200,089X,,
90788,116700,114X,,
90789,109200,029X,,
90790,115100,098X,,
90791,111000,047X,,
90792,115500,102X,,
90795,113250,079Y,,
90796,115300,100X,,
90799,112900,076X,,
90800,114200,089X,,
90801,117500,122X,-37.60060000,149.72300000
90804,112000,057X,,
90807,113900,086X,,
90808,114500,092X,,
90809,114300,090X,,
90810,113550,082Y,,
90812,116400,111X,,
90813,114900,096X,,
90817,116300,110X,,
90831,117800,125X,,
90833,117000,117X,,
90836,116100,108X,,
90838,108700,024X,,
90839,113000,077X,,
90840,115300,100X,,
90841,116200,109X,,
90845,112800,075X,,
90865,117000,117X,,
90866,112900,076X,-26.60690000,118.53200000
90868,114250,089Y,35.28030000,-2.95828000
90870,117500,122X,,
90871,115100,098X,,
90872,115300,100X,,
90873,117900,126X,,
90874,116300,110X,,
90876,117700,124X,-36.91450000,149.89900000
90877,117600,123X,,
90878,114400,091X,,
90879,108000,017X,,
90880,114300,090X,,
90881,115600,103X,,
90894,108800,025X,,
90896,117200,119X,,
90899,112100,058X,,
90910,113000,077X,,
90911,112100,058X,,
90912,116300,110X,,
90913,112000,057X,36.81440000,-4.36946000
90917,115450,101Y,,
90919,112100,058X,,
90920,114100,088X,,
90921,114100,088X,,
90922,108800,025X,,
90926,111600,053X,,
90935,115000,097X,,
90937,112500,072X,,
90938,109200,029X,43.77720000,-98.03730000
90939,113600,083X,,
90941,110200,039X,,
90944,112600,073X,39.86350000,4.21700000
90946,115500,102X,,
90947,114400,091X,,
90950,112100,058X,,
90959,113700,084X,,
90960,116300,110X,,
90961,113800,085X,,
90965,114900,096X,,
90967,117700,124X,,
90968,114000,087X,,
90969,114400,091X,,
90971,113200,079X,,
90972,117400,121X,,
90973,113500,082X,,
90976,109200,029X,,
90977,114800,095X,,
90980,115400,101X,,
90981,117100,118X,,
90984,110600,043X,,
90985,113700,084X,,
90991,109000,027X,,
90992,109600,033X,,
90996,113300,080X,39.43520000,2.75812000
90998,112700,074X,,
91014,115300,100X,,
91016,114700,094X,,
91017,115800,105X,,
91018,116400,111X,,
91019,115200,099X,,
91020,114700,094X,,
91021,115200,099X,,
91022,116100,108X,,
91023,112000,057X,,
91024,110000,037X,,
91027,111200,049X,,
91029,110800,045X,,
91032,114700,094X,,
91034,110800,045X,,
91038,114100,088X,-37.66060000,144.84100000
91051,110300,040X,,
91052,112100,058X,41.12970000,0.16544400
91053,110000,037X,,
91055,112000,057X,,
91056,115900,106X,,
91057,113300,080X,,
91058,117400,121X,,
91059,114700,094X,,
91061,112100,058X,,
91062,117200,119X,,
91063,113550,082Y,36.67860000,-4.50678000
91064,112700,074X,,
91065,117400,121X,,
91066,114600,093X,,
91067,113600,083X,,
91068,109600,033X,,
91071,117800,125X,,
91072,112100,058X,,
91073,117800,125X,,
91074,108600,023X,,
91075,112700,074X,,
91076,117900,126X,,
91078,117200,119X,,
91081,115500,102X,,
91091,112000,057X,,
91092,114200,089X,,
91093,111000,047X,,
91094,114300,090X,,
91096,113200,079X,,
91098,112500,072X,,
91099,112900,076X,,
91111,112100,058X,,
91112,115100,098X,,
91115,113550,082Y,,
91123,109300,030X,,
91125,115250,099Y,,
91127,109600,033X,,
91129,114200,089X,,
91130,112500,072X,,
90735,,099X,,
91132,113600,083X,,
91133,113400,081X,,
91135,112700,074X,,
91136,113900,086X,,
91154,117800,125X,,
91155,114200,089X,,
91156,114600,093X,,
91157,114050,087Y,,
91158,108650,023Y,,
91159,113500,082X,,
91160,114500,092X,,
91164,110000,037X,,
91168,115300,100X,,
91169,115700,104X,,
91170,113100,078X,,
91171,111600,053X,,
91173,110600,043X,,
91176,114600,093X,,
91177,113900,086X,,
91178,112200,059X,,
91179,116300,110X,,
91181,117100,118X,,
91182,115850,105Y,,
91183,116700,114X,,
91185,112300,070X,,
91186,117900,126X,,
91187,109600,033X,,
91199,116300,110X,,
91203,117300,120X,,
91205,110800,045X,,
91212,116600,113X,,
91213,108200,019X,,
91215,112400,071X,,
91216,117700,124X,,
91217,116100,108X,,
91219,114600,093X,,
91232,117300,120X,,
91234,112100,058X,,
91235,113700,084X,,
91239,114000,087X,,
91240,116900,116X,,
91242,114100,088X,,
91243,115900,106X,,
91244,113800,085X,,
91248,114300,090X,,
91249,108800,025X,,
91250,115300,100X,,
91251,113000,077X,,
91252,115500,102X,,
91254,116200,109X,,
91256,116000,107X,,
91275,110550,042Y,,
91278,111900,056X,,
91279,114000,087X,,
91284,116500,112X,,
91285,108600,023X,,
91286,111700,054X,,
91288,112800,075X,,
91290,115300,100X,,
91292,116900,116X,,
91293,114100,088X,,
91294,112400,071X,,
91296,116700,114X,,
91298,112500,072X,,
91310,114100,088X,,
91312,133700,064X,,
91317,117300,120X,,
91323,117100,118X,,
91324,113650,083Y,,
91327,114500,092X,,
91328,134100,068X,,
91331,109400,031X,39.47790000,-88.28620000
91333,111900,056X,,
91334,117900,126X,,
91338,109600,033X,,
91339,114400,091X,,
91340,116400,111X,,
91341,112700,074X,,
91342,112200,059X,,
91344,111000,047X,,
91345,114700,094X,,
91352,113300,080X,,
91353,112300,070X,,
91354,115300,100X,,
91356,114000,087X,,
91358,111200,049X,,
91361,112300,070X,,
91366,115100,098X,,
91367,116800,115X,,
91368,112900,076X,,
91369,111600,053X,,
91371,114500,092X,,
91381,110400,041X,37.75440000,-89.01180000
91382,114800,095X,,
91383,114900,096X,,
91384,115000,097X,,
91390,113200,079X,,
91391,115000,097X,,
91392,115000,097X,,
91395,112900,076X,,
91396,116300,110X,,
91398,114300,090X,,
91399,110000,037X,,
91407,117500,122X,24.78550000,125.30100000
91410,110800,045X,,
91417,117800,125X,,
91418,115000,097X,,
91419,112400,071X,,
91421,109650,033Y,,
91422,114900,096X,,
91424,114400,091X,,
91425,117200,119X,,
91426,108600,023X,,
91443,112200,059X,,
91456,115500,102X,,
91457,115100,098X,,
91459,115700,104X,,
91461,116300,110X,,
91463,114100,088X,,
91465,112400,071X,,
91466,113000,077X,,
91467,112300,070X,,
91469,116800,115X,,
91474,110500,042X,,
91475,117300,120X,,
91477,112600,073X,,
91479,114600,093X,,
91484,115400,101X,,
91485,115100,098X,,
91487,113800,085X,,
91489,112750,074Y,,
91496,112900,076X,,
91499,114300,090X,,
91501,117100,118X,,
91507,115100,098X,,
91508,116750,114Y,,
91509,108050,017Y,,
91510,116700,114X,,
91511,111800,055X,,
91513,108600,023X,,
91515,108900,026X,,
91516,109800,035X,,
91517,116700,114X,,
91519,114250,089Y,,
91520,112400,071X,,
91525,111800,055X,,
91526,113500,082X,,
91527,110500,042X,,
91528,108700,024X,,
91535,114700,094X,13.58210000,123.26900000
91536,116300,110X,,
91537,113100,078X,,
91538,114600,093X,,
91539,115100,098X,,
91540,114000,087X,,
91541,133600,063X,,
91542,111100,048X,,
91545,112900,076X,,
91552,116500,112X,26.20820000,127.64300000
91557,115000,097X,,
91558,114600,093X,,
91559,115200,099X,,
91560,113000,077X,,
91567,111600,053X,,
91568,115500,102X,,
91571,117400,121X,,
91573,111600,053X,,
91576,108200,019X,,
91578,117100,118X,,
91579,113900,086X,,
91581,116500,112X,,
91583,112400,071X,,
91584,115100,098X,,
91585,116500,112X,,
91586,112300,070X,,
91587,111000,047X,,
91588,134000,067X,,
91589,133450,061Y,,
91601,109050,027Y,,
91602,110100,038X,,
91603,111600,053X,,
91604,110200,039X,,
91606,117400,121X,,
91607,112800,075X,,
91608,112000,057X,,
91609,109600,033X,,
91610,113600,083X,,
91622,113300,080X,,
91623,112600,073X,,
91624,117700,124X,,
91625,115700,104X,,
91633,115100,098X,,
91634,111900,056X,,
91638,112500,072X,,
91639,117500,122X,,
91647,114500,092X,,
91648,112700,074X,,
91649,115600,103X,,
91661,116100,108X,,
91662,133600,063X,,
91664,116100,108X,,
85719,115900,106X,,
91669,114400,091X,,
91676,117200,119X,,
91677,110150,038Y,,
91678,109600,033X,,
91682,111850,055Y,,
91683,117800,125X,,
91685,113100,078X,,
91686,113800,085X,,
91692,111400,051X,,
91695,117900,126X,,
91696,113800,085X,,
91700,113800,085X,,
91701,109200,029X,,
91702,116400,111X,,
91712,115500,102X,,
91713,117500,122X,,
91715,113900,086X,,
91716,112300,070X,,
91717,112000,057X,,
91718,111450,051Y,,
91719,116300,110X,,
91720,110200,039X,,
91722,113300,080X,,
91723,113100,078X,,
91725,117500,122X,,
91727,113900,086X,,
91728,116200,109X,,
91729,111200,049X,,
91731,113200,079X,,
91738,110600,043X,,
91740,111450,051Y,,
91741,115600,103X,,
91742,114300,090X,,
91743,116300,110X,,
91745,115300,100X,,
91747,115500,102X,,
91748,116600,113X,,
91749,116300,110X,,
91753,112700,074X,-19.09280000,-169.90400000
91754,117600,123X,,
91756,113000,077X,,
91757,135500,012X,,
91759,117600,123X,,
91760,113800,085X,,
91761,113100,078X,,
91762,116800,115X,,
91768,115800,105X,,
91771,114950,096Y,40.36860000,-4.24934000
91778,116400,111X,,
91781,117200,119X,,
91785,133600,063X,,
91786,133400,061X,,
91788,114100,088X,,
91795,113300,080X,,
91797,113700,084X,,
91798,116300,110X,,
91801,113900,086X,,
91811,114800,095X,,
91812,117000,117X,,
91838,109800,035X,,
91839,116800,115X,,
91840,117700,124X,,
91841,116400,111X,,
91845,112000,057X,,
91856,115800,105X,,
91858,109650,033Y,,
91859,114800,095X,,
91861,110500,042X,,
91862,113000,077X,,
91863,113200,079X,,
91866,115400,101X,,
91877,113700,084X,,
91878,115300,100X,,
91879,115300,100X,,
91881,116000,107X,,
91882,112150,058Y,,
91892,114750,094Y,,
91893,113400,081X,,
91894,109000,027X,,
91895,109600,033X,,
91896,117900,126X,,
91897,117100,118X,,
91898,115500,102X,,
91899,117200,119X,,
91902,113950,086Y,,
91904,113000,077X,,
91908,113600,083X,,
91910,113400,081X,,
91918,111700,054X,,
91919,109600,033X,,
91921,112900,076X,,
91927,115700,104X,,
91928,115100,098X,,
91931,109000,027X,,
91938,112500,072X,,
91945,109250,029Y,,
91954,115700,104X,35.18410000,140.37100000
91955,113000,077X,,
91956,117500,122X,,
91957,112900,076X,,
91969,133800,065X,,
91970,115900,106X,34.67160000,134.01500000
91971,113400,081X,,
91972,113150,078Y,,
91973,115700,104X,,
91974,113500,082X,,
91975,112600,073X,,
91976,114900,096X,,
91979,108300,020X,,
91983,114800,095X,,
91984,111000,047X,,
91985,114850,095Y,,
91986,111200,049X,,
92000,116600,113X,,
92004,113400,081X,,
92006,108200,019X,,
92007,115900,106X,,
92008,111800,055X,,
92015,117900,126X,,
92016,113600,083X,,
92018,115000,097X,,
92020,112600,073X,,
92022,114850,095Y,,
92030,111400,051X,,
92031,113100,078X,27.43340000,128.69900000
92034,113900,086X,,
92036,116800,115X,,
92039,117100,118X,44.57530000,-124.06100000
92045,112800,075X,,
92047,110200,039X,,
92048,112000,057X,-28.10420000,140.20000000
92060,117100,118X,,
92064,110200,039X,,
92066,113000,077X,,
92079,114000,087X,,
92085,109850,035Y,,
92087,116900,116X,,
92088,109400,031X,,
92098,112200,059X,,
92099,111400,051X,,
92100,117300,120X,,
92101,116300,110X,,
92102,114300,090X,,
92104,110000,037X,,
92112,112500,072X,,
92113,108350,020Y,,
92114,109850,035Y,,
92116,111800,055X,,
92117,113900,086X,37.39270000,-122.28200000
92119,115000,097X,,
92121,114700,094X,,
92122,116500,112X,,
92124,114650,093Y,,
92125,114900,096X,,
92127,117600,123X,,
92133,117450,121Y,,
92134,109800,035X,,
92135,110600,043X,,
92136,112100,058X,,
92137,114900,096X,,
92138,114800,095X,,
92140,111600,053X,,
92142,113900,086X,,
92144,113700,084X,,
92145,115400,101X,,
92146,115000,097X,,
92147,115700,104X,,
92156,113300,080X,,
92161,114100,088X,,
92165,116300,110X,,
92166,110600,043X,,
92174,108600,023X,,
92176,113900,086X,,
92186,117700,124X,,
92188,115600,103X,,
92195,109100,028X,,
92197,111000,047X,,
92199,113800,085X,,
92209,117050,117Y,46.40490000,11.29280000
92210,109800,035X,,
92212,111200,049X,,
92213,116700,114X,,
92224,112700,074X,,
92246,108500,022X,,
92247,111800,055X,,
92248,110600,043X,,
92254,115000,097X,,
92257,115000,097X,,
92259,115200,099X,,
92260,116200,109X,,
92261,112300,070X,,
92265,117700,124X,,
92266,115900,106X,,
92267,117800,125X,,
92269,116100,108X,,
92272,115300,100X,,
92273,113550,082Y,42.68840000,-1.66086000
92274,116800,115X,,
92275,114900,096X,,
92276,108600,023X,,
92279,116600,113X,,
92281,113100,078X,,
92284,115700,104X,,
92285,115500,102X,,
92296,115200,099X,,
92298,116000,107X,,
92300,115700,104X,,
92301,117700,124X,,
92303,116900,116X,,
92309,112700,074X,,
92310,116300,110X,,
92312,115400,101X,,
92314,113700,084X,,
92321,112200,059X,,
92323,114600,093X,,
92325,114100,088X,-20.37670000,118.62100000
92334,114900,096X,,
92335,116400,111X,,
92337,117200,119X,,
92338,114100,088X,,
92340,116600,113X,,
92341,109400,031X,,
92342,109500,032X,56.95420000,-158.64800000
92343,116100,108X,,
92345,114700,094X,,
92346,116950,116Y,40.25290000,-3.34786000
92347,114900,096X,,
92349,111800,055X,,
92350,112200,059X,33.91860000,-117.53000000
92351,113500,082X,,
92357,112800,075X,,
92360,111900,056X,,
92361,109000,027X,,
92365,116900,116X,,
92366,114700,094X,,
92369,113750,084Y,,
92370,111800,055X,,
92371,113200,079X,,
92373,115900,106X,42.43530000,14.18420000
92374,112900,076X,,
92385,114300,090X,,
92388,114300,090X,,
92396,117600,123X,,
92400,113500,082X,,
92402,112000,057X,,
92403,117050,117Y,,
92404,109800,035X,,
92405,113700,084X,-31.94500000,115.95900000
92413,113200,079X,,
92414,117900,126X,,
92418,115400,101X,,
92420,108400,021X,,
92421,112800,075X,,
92422,114100,088X,,
92435,115200,099X,,
92436,117400,121X,,
92439,116400,111X,,
92441,112600,073X,,
92445,117500,122X,,
92448,108300,020X,,
92450,110400,041X,,
92451,112500,072X,,
92452,116200,109X,,
92453,112100,058X,43.67710000,10.39080000
92456,109600,033X,,
92457,117800,125X,,
92467,116700,114X,,
92468,113000,077X,,
92488,110600,043X,,
92489,117900,126X,,
92491,117400,121X,,
92492,109700,034X,,
92493,114200,089X,,
92494,112000,057X,,
92497,112100,058X,,
92499,114300,090X,,
92507,113700,084X,,
92508,116300,110X,,
92510,116900,116X,,
92511,115500,102X,,
92516,112800,075X,,
92518,114600,093X,,
92520,111200,049X,,
92521,111800,055X,,
92525,113700,084X,,
92529,113400,081X,,
92536,113600,083X,,
92537,114100,088X,,
92539,114500,092X,,
92540,117500,122X,,
92543,112100,058X,,
92545,112200,059X,,
92547,117900,126X,,
92550,113700,084X,,
92560,112700,074X,,
92563,113000,077X,,
92568,113600,083X,,
92571,116600,113X,,
92572,114300,090X,,
92574,111000,047X,,
92576,113400,081X,,
92577,113200,079X,,
92579,114300,090X,,
92583,115900,106X,,
92584,109600,033X,,
92585,112600,073X,,
92586,114600,093X,,
92588,112100,058X,,
92597,113800,085X,,
92599,113000,077X,,
92605,112100,058X,,
92606,110400,041X,,
92607,117850,125Y,,
92611,114000,087X,,
92614,114900,096X,,
92615,116400,111X,39.92770000,3.11486000
92616,116900,116X,,
92617,113500,082X,,
92618,114100,088X,,
92619,115100,098X,,
92632,117300,120X,-40.90270000,174.98200000
92635,115700,104X,,
92637,112100,058X,,
92639,112100,058X,,
92641,116250,109Y,,
92643,108400,021X,,
92644,112300,070X,42.73380000,-1.70183000
92647,112900,076X,,
92648,112100,058X,,
92649,114500,092X,,
92655,112500,072X,,
92657,116400,111X,,
92658,109100,028X,,
92659,115900,106X,,
92671,114900,096X,,
92672,115700,104X,,
92673,114300,090X,41.28300000,2.08175000
92676,114300,090X,,
92680,115900,106X,,
92682,113600,083X,,
92686,114100,088X,,
92687,113200,079X,,
92692,115900,106X,,
92695,113500,082X,,
92697,113000,077X,,
92699,112500,072X,,
92700,114100,088X,,
92701,113300,080X,,
92702,109400,031X,,
92703,113600,083X,,
92705,114300,090X,,
92719,115400,101X,,
92721,115500,102X,,
92722,108400,021X,,
92723,112700,074X,,
92724,113100,078X,,
92726,109000,027X,,
92728,111000,047X,,
92730,116800,115X,,
92731,117600,123X,,
92732,115200,099X,,
92733,114100,088X,,
92734,116500,112X,,
92735,114000,087X,,
92736,113300,080X,,
92739,113400,081X,,
92741,115500,102X,,
92745,115800,105X,,
92746,117300,120X,,
92758,115100,098X,,
92760,117100,118X,,
92763,112900,076X,,
92767,113400,081X,,
92769,114500,092X,,
92770,108200,019X,,
92771,112100,058X,,
92774,115600,103X,,
92786,116500,112X,,
92788,115100,098X,,
92794,116700,114X,,
92795,115500,102X,,
92796,116900,116X,,
92798,111250,049Y,,
92799,116700,114X,,
92800,113900,086X,,
92802,116900,116X,,
92803,117400,121X,,
92805,109000,027X,,
92811,115600,103X,,
92813,112700,074X,,
92816,115600,103X,,
92817,112800,075X,,
92819,116600,113X,,
92821,108400,021X,,
92822,112900,076X,,
92832,113400,081X,,
92835,112400,071X,,
92837,114900,096X,,
92838,114300,090X,,
92841,112500,072X,,
92842,112600,073X,,
92843,115600,103X,,
92844,117600,123X,,
92845,113300,080X,,
92846,117000,117X,,
92855,113700,084X,,
92862,112900,076X,,
92864,116100,108X,,
92868,110800,045X,,
92871,110150,038Y,,
92872,115200,099X,,
92881,113000,077X,,
92886,116600,113X,,
92890,115300,100X,,
92892,112700,074X,,
92904,114800,095X,,
92906,108350,020Y,,
92907,113100,078X,,
92910,117800,125X,,
92915,117300,120X,,
92917,114700,094X,,
92922,112900,076X,,
92924,113300,080X,,
92929,112500,072X,,
92957,116100,108X,,
92958,116800,115X,,
92959,112300,070X,,
92963,111850,055Y,,
92964,112300,070X,,
92965,113400,081X,,
92967,112300,070X,,
92968,116400,111X,,
92969,114600,093X,,
92970,113600,083X,,
92971,117700,124X,,
92976,108200,019X,,
92977,114200,089X,,
92980,116200,109X,,
92982,116800,115X,,
92983,108200,019X,,
92986,115700,104X,,
92988,113950,086Y,40.85400000,-3.24650000
92990,116800,115X,,
92992,114700,094X,,
92993,116500,112X,,
92995,113800,085X,,
92996,113000,077X,,
92998,111600,053X,35.92050000,-75.69710000
93004,108800,025X,,
93005,111000,047X,,
93007,114200,089X,,
93022,115300,100X,,
93023,108400,021X,,
93024,116700,114X,,
93025,114700,094X,,
93028,116400,111X,,
93029,115800,105X,,
93030,117200,119X,,
93032,114300,090X,,
93039,116900,116X,,
93040,110600,043X,,
93042,112300,070X,49.30970000,4.04116000
93043,109250,029Y,,
93046,112500,072X,,
93047,114200,089X,,
93049,112400,071X,,
93055,110800,045X,,
93058,113500,082X,,
93059,112300,070X,,
93074,115500,102X,,
93080,117100,118X,,
93081,109200,029X,,
93087,112050,057Y,,
93089,114100,088X,,
93090,110700,044X,,
93092,110600,043X,,
93093,112200,059X,,
93095,110600,043X,,
93096,116200,109X,44.01510000,12.61650000
93098,116000,107X,,
93101,111400,051X,,
93102,110000,037X,,
93103,113000,077X,,
93104,117600,123X,,
93106,108800,025X,,
93107,113700,084X,,
93108,114500,092X,,
93112,117800,125X,,
93113,116900,116X,,
93114,113700,084X,,
93123,112600,073X,,
93124,108300,020X,,
93126,116800,115X,,
93128,115400,101X,,
93134,113800,085X,,
93135,117300,120X,,
93136,114800,095X,,
93144,110650,043Y,,
93145,115400,101X,,
93147,113400,081X,,
93149,112100,058X,,
93160,112300,070X,,
93162,115100,098X,,
93169,112100,058X,-38.10810000,176.31400000
93181,109400,031X,,
93182,113800,085X,,
93184,113800,085X,,
93186,110000,037X,,
93188,117500,122X,,
93189,117400,121X,,
93190,112000,057X,,
93191,112000,057X,55.06190000,14.75590000
93192,111400,051X,,
93193,117700,124X,,
93195,110800,045X,,
93199,115300,100X,,
93201,115700,104X,7.36876000,134.55000000
93202,117300,120X,,
93205,111200,049X,,
93208,112900,076X,,
93209,108800,025X,,
93215,109600,033X,,
93217,110000,037X,,
93227,110800,045X,,
93229,112200,059X,,
93233,116900,116X,,
93236,116100,108X,,
93237,111600,053X,,
93239,113500,082X,,
93248,114600,093X,,
93249,111200,049X,,
93251,115300,100X,,
93252,115500,102X,,
93253,112600,073X,,
93254,112000,057X,,
93256,108400,021X,,
93257,111800,055X,,
93266,117100,118X,,
93269,110400,041X,,
93277,115100,098X,,
93281,115500,102X,,
93285,111000,047X,,
93292,112700,074X,,
93300,113300,080X,,
93301,109400,031X,,
93304,112500,072X,,
93307,115700,104X,,
93309,113500,082X,,
93310,111100,048X,,
93311,112500,072X,,
93317,116400,111X,,
93318,116200,109X,,
93320,109400,031X,,
93322,114900,096X,,
93350,116100,108X,15.50000000,44.21900000
93352,112500,072X,,
93354,115200,099X,,
93355,115100,098X,,
93357,116750,114Y,,
93358,110200,039X,,
93359,110600,043X,,
93360,114400,091X,,
93365,117100,118X,,
93367,115150,098Y,,
93368,116700,114X,,
93373,111600,053X,,
93374,117000,117X,,
93375,113350,080Y,,
93376,116600,113X,,
93378,116400,111X,,
93379,111500,052X,,
93385,108850,025Y,,
93387,116800,115X,,
93388,114800,095X,,
93389,109600,033X,,
93390,108400,021X,,
93394,116200,109X,,
93395,115200,099X,,
93396,115950,106Y,,
93397,114100,088X,,
93398,110450,041Y,,
93399,113500,082X,,
93401,115200,099X,,
93402,117100,118X,,
93403,115700,104X,,
93404,110900,046X,58.21520000,-6.32910000
93405,111100,048X,,
93420,113500,082X,,
93423,113800,085X,48.00240000,12.89290000
93427,108800,025X,,
93429,115400,101X,,
93431,112900,076X,,
93434,113400,081X,,
93437,110400,041X,,
93439,111200,049X,,
93441,117000,117X,,
93449,115200,099X,,
93450,111000,047X,41.60530000,-96.62860000
93452,113900,086X,,
93454,113300,080X,,
93455,111000,047X,,
93457,110000,037X,,
93458,114100,088X,,
93646,112800,075X,,
93462,113600,083X,,
93467,113100,078X,,
93468,112300,070X,,
93474,113600,083X,,
93476,114400,091X,,
93478,116300,110X,,
93479,112900,076X,,
93480,114000,087X,,
93485,114300,090X,,
93490,111800,055X,,
93494,116800,115X,47.43570000,-122.31000000
93495,114700,094X,,
93497,110400,041X,,
93498,115500,102X,,
93503,116500,112X,,
93505,108600,023X,44.41750000,8.82361000
93506,114100,088X,,
93507,113100,078X,,
93508,117800,125X,,
93522,117000,117X,,
93523,112100,058X,,
93526,111350,050Y,,
93528,108600,023X,,
93529,113000,077X,,
93531,115800,105X,,
93551,115400,101X,,
93553,112100,058X,,
93554,115700,104X,,
93555,115450,101Y,,
93556,114750,094Y,,
93558,116900,116X,,
93559,113200,079X,,
93560,109400,031X,,
93561,114900,096X,,
93563,113900,086X,,
93568,113600,083X,,
93569,113300,080X,,
93575,114300,090X,,
93576,117200,119X,,
93577,113300,080X,,
93578,112000,057X,,
93580,116000,107X,,
93581,108050,017Y,,
93583,112300,070X,,
93584,115900,106X,,
93585,115700,104X,,
93587,114200,089X,,
93588,110800,045X,,
93589,115300,100X,,
93590,114000,087X,,
93592,108200,019X,,
93593,112900,076X,,
93596,113600,083X,,
93597,108400,021X,,
93598,113400,081X,,
93607,117600,123X,,
93608,115300,100X,,
93609,115700,104X,,
93611,114800,095X,,
93612,110200,039X,,
93613,111600,053X,,
93614,114700,094X,,
93615,115400,101X,41.15170000,-3.60485000
93617,111600,053X,,
93618,117700,124X,,
93623,111450,051Y,,
93624,114000,087X,,
93626,112150,058Y,,
93627,113750,084Y,,
93632,115100,098X,,
93635,113300,080X,,
93637,114200,089X,,
93640,114300,090X,,
93641,113500,082X,,
93647,114100,088X,,
93649,114000,087X,,
93650,113300,080X,,
93651,117100,118X,,
93652,115300,100X,,
93655,112300,070X,,
93656,114100,088X,,
93657,115100,098X,,
93658,114000,087X,,
93659,117700,124X,,
93661,117700,124X,,
93675,111400,051X,,
93676,117200,119X,,
93677,113400,081X,,
93679,112000,057X,,
93681,117300,120X,,
93684,112200,059X,,
93685,112300,070X,,
93686,112800,075X,,
93689,113600,083X,,
93691,112800,075X,,
93693,108700,024X,,
93694,113500,082X,,
93695,114200,089X,,
93698,116500,112X,,
93699,113400,081X,,
93700,110400,041X,,
93702,116600,113X,,
93705,116100,108X,,
93706,109200,029X,,
93722,114000,087X,,
93723,108050,017Y,,
93724,109000,027X,,
93725,115700,104X,,
93726,113500,082X,,
93729,109200,029X,,
93730,112300,070X,,
93731,112000,057X,41.52000000,2.10975000
93732,116600,113X,,
93733,117100,118X,,
93735,116300,110X,,
93738,117200,119X,,
93741,109000,027X,,
93742,114700,094X,,
93745,113900,086X,,
93747,115100,098X,,
93751,116100,108X,,
93768,112000,057X,,
93772,113900,086X,40.89020000,9.50056000
93775,116600,113X,,
93777,112600,073X,,
93779,117000,117X,,
93782,115600,103X,,
93783,113500,082X,,
93784,115500,102X,,
93785,112100,058X,,
93786,110800,045X,,
93788,112900,076X,,
93794,114800,095X,,
93796,117600,123X,,
93808,114000,087X,,
93810,115900,106X,,
93813,110400,041X,,
93814,116500,112X,,
93816,113700,084X,,
93819,115300,100X,43.44960000,-3.90249000
93820,117300,120X,,
93821,117700,124X,,
93822,116600,113X,,
93823,114900,096X,,
93825,115500,102X,,
93826,115900,106X,,
93383,108600,023X,,
93835,112250,059Y,,
93837,114550,092Y,,
93838,112600,073X,,
93840,114400,091X,,
93841,114200,089X,,
93843,115400,101X,,
93844,113900,086X,,
93846,110900,046X,,
93848,116500,112X,,
93851,114500,092X,,
93852,112200,059X,,
93854,108800,025X,,
93871,108900,026X,,
93872,115700,104X,,
93873,109500,032X,,
93874,117500,122X,,
93875,115500,102X,,
93876,113400,081X,,
93877,113900,086X,,
93882,112700,074X,,
93883,113100,078X,,
93884,115700,104X,,
93885,108400,021X,,
93887,114900,096X,,
93889,113300,080X,,
93893,113900,086X,,
93894,112700,074X,33.98780000,-98.59350000
93895,110000,037X,,
93896,113300,080X,,
93897,109900,036X,,
93899,117200,119X,,
93901,113300,080X,,
93902,116300,110X,,
93903,114700,094X,,
93916,112100,058X,,
93917,117500,122X,,
93919,113800,085X,,
93922,114900,096X,,
93923,114600,093X,,
93925,112600,073X,,
93926,113700,084X,,
93931,115200,099X,,
93933,113200,079X,,
93934,117000,117X,,
93935,114300,090X,,
93943,108150,018Y,,
93944,115800,105X,,
93945,112400,071X,,
93947,110100,038X,,
93950,109800,035X,,
93951,108400,021X,,
93952,112200,059X,,
93953,117900,126X,43.31130000,-1.83050000
93954,115400,101X,,
93955,114000,087X,,
93957,117850,125Y,40.54640000,-3.57537000
93970,116600,113X,,
93972,114900,096X,,
93974,112100,058X,,
93975,115300,100X,,
93976,113400,081X,,
93979,110600,043X,,
93980,114400,091X,,
93985,114500,,,
93986,116400,111X,42.92670000,-8.42533000
93990,112300,070X,,
93992,115500,102X,,
93993,113200,079X,,
93995,117400,121X,,
93996,112300,070X,,
93997,117300,120X,,
94001,134100,068X,,
94002,114300,090X,,
94003,110600,043X,,
94004,115100,098X,,
94006,116300,110X,,
94007,113000,077X,48.41710000,16.01880000
94008,112000,057X,,
94009,116500,112X,,
94010,115600,103X,48.50560000,7.57083000
94012,113000,077X,,
94013,108600,023X,,
94015,113100,078X,,
94018,113800,085X,,
94019,109600,033X,,
94031,115200,099X,32.75600000,132.99600000
94032,111200,049X,,
94033,108600,023X,,
94036,112200,059X,,
94038,116700,114X,,
94041,116300,110X,,
94042,117350,120Y,,
94043,113100,078X,,
94045,113000,077X,,
94046,116500,112X,,
94047,117500,122X,,
94051,116600,113X,,
94052,117700,124X,,
94054,116500,112X,,
94058,108400,021X,,
94059,112500,072X,,
94060,112100,058X,,
94062,111400,051X,,
94063,110800,045X,,
94064,116500,112X,,
94065,116500,112X,,
94066,116200,109X,,
94068,117900,126X,,
94069,113700,084X,37.42780000,-5.76218000
94070,114300,090X,,
94071,111600,053X,,
94074,117700,124X,,
94078,112700,074X,,
94090,112600,073X,,
94091,116800,115X,,
94092,113750,084Y,,
94093,113850,085Y,,
94094,111800,055X,,
94096,112400,071X,,
94097,108500,022X,,
94099,108400,021X,,
94100,113200,079X,,
94106,109200,029X,,
94111,111400,051X,,
94113,109200,029X,,
94114,112100,058X,,
94120,109000,027X,,
94122,117000,117X,,
94126,109000,027X,,
94128,115200,099X,,
94129,117000,117X,,
94133,109200,029X,,
94135,112500,072X,,
94136,114700,094X,,
94137,117800,125X,,
94144,114000,087X,,
94146,109800,035X,,
94149,116000,107X,,
94151,117500,122X,,
94152,115300,100X,,
94153,117200,119X,,
94168,108000,017X,,
94170,115500,102X,,
94172,112100,058X,,
94173,112900,076X,,
94174,117800,125X,,
94175,112100,058X,,
94178,113700,084X,,
94179,116600,113X,,
94182,117050,117Y,,
94183,117500,122X,,
94189,108600,023X,,
94190,114000,087X,,
94193,117500,122X,,
94194,115300,100X,,
94195,115500,102X,,
94196,111800,055X,,
94198,117000,117X,,
94200,117600,123X,,
94202,116700,114X,,
94204,112900,076X,,
94205,113600,083X,,
94214,114500,092X,,
94217,113500,082X,,
94218,108800,025X,,
94220,112000,057X,,
94222,111200,049X,,
94223,110850,045Y,,
94225,110000,037X,,
94227,115700,104X,,
94228,113300,080X,,
94230,113900,086X,,
94231,114900,096X,,
94236,114500,092X,,
94237,113700,084X,,
94238,112400,071X,,
94239,117300,120X,,
94241,114500,092X,,
94245,112000,057X,,
94251,116800,115X,,
94252,113600,083X,,
94253,116800,115X,,
94254,108400,021X,,
94255,109600,033X,,
94256,114100,088X,,
94257,114000,087X,,
94260,112700,074X,,
94272,108600,023X,,
94274,114200,089X,,
94275,108800,025X,,
94276,112300,070X,,
94277,117600,123X,,
94282,112900,076X,,
94284,117100,118X,,
94285,108400,021X,,
94294,113100,078X,,
94295,115300,100X,,
94297,108800,025X,,
94298,117900,126X,,
94302,114800,095X,,
94303,112900,076X,,
94304,117700,124X,,
94306,117700,124X,28.53690000,-16.26870000
94307,116400,111X,28.00240000,-16.68740000
94312,113200,079X,,
94313,117400,121X,,
94315,115400,101X,,
94316,117300,120X,,
94317,111800,055X,,
94318,115300,100X,,
94319,112300,070X,,
94320,117300,120X,,
94324,115600,103X,,
94325,112500,072X,,
94326,115100,098X,,
94327,116300,110X,,
94329,108400,021X,,
94330,113100,078X,,
94331,112200,059X,,
94332,113200,079X,,
94333,113900,086X,,
94334,115500,102X,,
94342,110450,041Y,,
94344,113700,084X,,
94347,113300,080X,,
94349,115000,097X,,
94351,110300,040X,17.23560000,99.82220000
94352,111000,047X,,
94353,111400,051X,,
94354,114000,087X,,
94359,114300,090X,,
94361,114200,089X,26.16080000,127.80000000
94362,112700,074X,,
94365,116500,112X,,
94366,115800,105X,,
94367,113300,080X,,
94369,109800,035X,,
94370,113500,082X,,
94372,112800,075X,,
94373,115700,104X,,
94376,117700,124X,,
94378,117500,122X,,
94390,112300,070X,,
94393,112500,072X,,
94401,116200,109X,,
94404,110450,041Y,,
94405,115000,097X,,
94406,116400,111X,,
94407,114800,095X,,
94409,109800,035X,,
94411,113200,079X,,
94413,115000,097X,,
94415,114100,088X,,
94424,114800,095X,,
94425,113800,085X,,
94427,114300,090X,,
94430,113200,079X,39.96950000,-4.33740000
94431,116900,116X,,
94432,116000,107X,,
94433,112200,059X,,
94434,116500,112X,,
94438,116000,107X,,
94439,114700,094X,,
94447,114000,087X,,
94448,116400,111X,,
94450,112700,074X,,
94451,113300,080X,,
94452,114400,091X,,
94455,115300,100X,,
94456,113300,080X,,
94457,112500,072X,,
94471,117250,119Y,,
94473,113900,086X,,
94474,115900,106X,,
94476,113800,085X,,
94477,112900,076X,,
94480,113300,080X,,
94481,117400,121X,,
94482,114200,089X,,
94483,112300,070X,,
94484,115700,104X,,
94486,112500,072X,,
94487,115900,106X,,
94488,114500,092X,,
94489,113900,086X,,
94504,110850,045Y,,
94506,114100,088X,,
94508,116700,114X,,
94509,113600,083X,,
94511,112500,072X,,
94512,115900,106X,,
94514,114900,096X,,
94515,117000,117X,,
94517,117800,125X,,
94518,114500,092X,,
94520,113850,085Y,,
94524,112200,059X,,
94525,117700,124X,,
94527,116000,107X,,
94528,115500,102X,,
94539,114800,095X,,
94540,117200,119X,,
94541,114500,092X,,
94542,110400,041X,,
94543,116800,115X,,
94546,116700,114X,,
94547,109800,035X,,
94549,108700,024X,,
94550,115900,106X,,
94555,111600,053X,,
94560,114200,089X,,
94561,110400,041X,,
94562,114600,093X,,
94573,117700,124X,,
94574,114300,090X,,
94576,116300,110X,,
94579,116400,111X,,
94580,115100,098X,,
94581,110200,039X,,
94584,116100,108X,,
94586,115900,106X,,
94589,116600,113X,,
94590,116600,113X,,
94591,116200,109X,,
94592,116100,108X,,
94593,116200,109X,,
94594,116200,109X,,
94595,114700,094X,,
94596,112500,072X,,
94597,117700,124X,,
94598,115300,100X,,
94599,116600,113X,,
94600,117500,122X,,
94602,113800,085X,,
94605,108800,025X,,
94610,114300,090X,,
94612,108450,021Y,,
94613,109900,036X,,
94614,116300,110X,,
94617,113600,083X,,
94618,113400,081X,,
94626,114900,096X,34.13000000,134.60900000
94627,113300,080X,,
94629,112100,058X,,
94630,116700,114X,,
94640,117200,119X,,
94641,109200,029X,,
94642,115300,100X,,
94643,114400,091X,,
94644,117300,120X,,
94645,115700,104X,,
94647,113100,078X,,
94650,112250,059Y,,
94651,113100,078X,,
94664,115900,106X,-44.30840000,171.22500000
94665,114100,088X,,
94666,116500,112X,,
94669,112100,058X,,
94670,112900,076X,,
94672,114400,091X,,
94673,117100,118X,,
94674,111400,051X,,
94678,113800,085X,,
94681,116000,107X,,
94682,112500,072X,,
94684,115200,099X,,
94685,109700,034X,,
94693,114600,093X,,
94694,108200,019X,,
94695,108400,021X,,
94698,113500,082X,,
94700,115100,098X,,
94701,116500,112X,,
94704,116000,107X,,
94709,114300,090X,,
94711,115800,105X,,
94714,110700,044X,,
94716,115400,101X,,
94723,112900,076X,,
94724,116300,110X,,
94725,112200,059X,,
94731,113300,080X,,
94732,112700,074X,,
94733,117800,125X,,
94736,115800,105X,,
94737,113100,078X,,
94739,114200,089X,,
94748,117500,122X,34.32620000,133.95400000
94750,115600,103X,,
94753,115300,100X,,
94755,117250,055X,,
94777,111700,054X,,
94780,112500,072X,,
94781,110100,038X,,
94789,110800,045X,,
94791,117400,121X,,
94792,114600,093X,,
94793,112700,074X,,
94801,111200,049X,,
94802,117400,121X,,
94805,112300,070X,,
94807,117800,125X,,
94808,112100,058X,,
94810,114100,088X,,
94813,113300,080X,,
94823,116000,107X,,
94828,113900,086X,,
94829,114300,090X,,
94849,116100,108X,,
94852,116800,115X,,
94854,113800,085X,,
94859,113200,079X,,
94860,114000,087X,,
94861,113600,083X,,
94868,109600,033X,,
94876,116600,113X,,
94877,115300,100X,,
94879,112400,071X,,
94884,115400,101X,,
94886,116100,108X,,
94889,117300,120X,,
94890,111300,050X,,
94891,117700,124X,,
94893,110700,044X,,
94895,109650,033Y,,
94900,114100,088X,,
94901,113500,082X,,
94906,116000,107X,,
94914,116900,116X,,
94919,115300,100X,,
94921,113500,082X,,
94931,114200,089X,,
94932,112300,070X,,
94933,116500,112X,,
94935,110400,041X,,
94942,117700,124X,,
94946,115700,104X,,
94947,115600,103X,,
94950,117700,124X,,
94952,114200,089X,,
94954,114300,090X,,
94955,114200,089X,,
94957,114200,089X,,
94967,108000,017X,,
94968,111400,051X,,
94976,109700,034X,,
94978,114600,093X,,
94979,114400,091X,,
94986,115900,106X,,
94991,114800,095X,,
94995,110650,043Y,,
94999,113700,084X,,
95009,110300,040X,,
95010,108600,023X,,
95013,114500,092X,,
95014,117600,123X,,
95027,109000,027X,50.68560000,-119.24300000
95033,115800,105X,,
95035,113300,080X,,
95036,114000,087X,,
95037,109600,033X,,
95038,117400,121X,,
95039,116600,113X,,
95042,110400,041X,,
95043,115200,099X,,
95047,114500,092X,,
95048,113600,083X,,
95049,115900,106X,,
95054,117400,121X,,
95055,114700,094X,,
95056,111200,049X,,
95057,112250,059Y,,
95058,115200,099X,,
95059,113700,084X,,
95060,114200,089X,,
95061,113300,080X,,
95062,112600,073X,,
95063,115700,104X,,
95065,116800,115X,,
95071,114300,090X,,
95072,111450,051Y,,
95073,113300,080X,,
95074,115200,099X,,
95076,113600,083X,,
95077,109000,027X,,
95078,109400,031X,,
95084,117500,122X,,
95087,113000,077X,,
95088,108200,019X,,
95091,114000,087X,,
95093,116600,113X,,
95094,116300,110X,,
95095,112400,071X,43.56460000,-6.03075000
95099,112800,075X,,
95100,112900,076X,,
95101,112700,074X,,
95102,112250,059Y,,
95112,112050,057Y,,
95114,116600,113X,,
95115,113600,083X,,
95116,113700,084X,,
95122,116300,110X,,
95123,113300,080X,,
95124,114900,096X,,
95130,112400,071X,,
95131,111400,051X,42.35500000,-3.61352000
95133,113400,081X,45.63750000,11.67640000
95136,115100,098X,,
95137,112600,073X,41.91280000,16.04900000
95140,115800,105X,,
95141,117300,120X,,
95142,117700,124X,,
95143,115800,105X,45.40820000,10.90670000
95144,112500,072X,,
95146,113100,078X,,
95147,114800,095X,,
88575,115950,106Y,,
95149,113800,085X,,
95151,113100,078X,,
95152,109400,031X,,
95155,112900,076X,,
95157,117800,125X,,
95158,113100,078X,,
95159,112700,074X,,
95160,115100,098X,,
95163,115300,100X,,
95164,112300,070X,,
95165,117100,118X,,
95166,114500,092X,,
95167,108300,020X,,
95168,116100,108X,,
95169,113700,084X,,
95172,115400,101X,,
95174,117100,118X,,
95177,114300,090X,,
95178,113150,078Y,41.34260000,1.54788000
95179,116300,110X,,
95180,117100,118X,,
95181,116100,108X,39.48570000,-0.48305600
95183,114500,092X,,
95186,113400,081X,,
95187,112100,058X,,
95190,114300,090X,-17.66210000,168.24400000
95192,114300,090X,,
95193,114200,089X,,
95194,111000,047X,,
95195,112200,059X,,
95196,113500,082X,,
95197,117200,119X,,
95203,112700,074X,,
95204,113900,086X,,
95205,112900,076X,,
95206,114500,092X,,
95207,112400,071X,,
95208,117400,121X,,
95209,114100,088X,,
95210,117200,119X,,
95211,116800,115X,,
95213,112300,070X,,
95214,115100,098X,,
95215,116100,108X,,
95216,116500,112X,,
95217,112700,074X,,
95221,112100,058X,,
95224,113800,085X,,
95225,113800,085X,,
95226,115600,103X,,
95227,113900,086X,,
95228,113600,083X,,
95230,113100,078X,,
95235,115500,102X,,
95237,110400,041X,,
95239,114850,095Y,,
95240,116300,110X,,
95244,117800,125X,,
95245,116200,109X,,
95246,114100,088X,,
95248,114000,087X,,
95254,112300,070X,,
95262,116600,113X,,
95263,114400,091X,,
95266,117300,120X,,
95267,114100,088X,,
95275,116700,114X,,
95277,115100,098X,,
95278,113100,078X,,
95280,112200,059X,,
95281,113000,077X,,
95282,113000,077X,,
95283,112900,076X,,
95286,113700,084X,,
95288,114000,087X,,
95289,115250,099Y,,
95298,112700,074X,,
95299,112700,074X,39.78080000,-3.46414000
95301,117000,117X,,
95303,116500,112X,,
95304,114300,090X,,
95305,113300,080X,,
95306,117500,122X,,
95310,115500,102X,,
95314,108200,019X,,
95316,115600,103X,,
95319,112300,070X,,
95321,113000,077X,,
95323,114400,091X,,
95328,116700,114X,,
95331,114600,093X,,
95333,114000,087X,,
95337,114500,092X,,
95339,113100,078X,,
95343,116400,111X,,
95345,112700,074X,,
95346,108400,021X,,
95350,112800,075X,,
95366,117100,118X,,
95369,114100,088X,,
95371,114900,096X,,
95372,112500,072X,,
95375,115600,103X,,
95383,113600,083X,,
95391,115200,099X,,
95392,115000,097X,,
95394,115800,105X,,
95395,113900,086X,,
95396,111500,052X,,
95401,117100,118X,,
95402,115000,097X,-35.16580000,147.46900000
95409,112200,059X,48.32390000,16.49080000
95413,112200,059X,,
95416,114500,092X,,
95418,114100,088X,,
95419,113600,083X,,
95420,116900,116X,,
95421,117600,123X,,
95429,116600,113X,,
95438,117700,124X,-37.92470000,176.91600000
95440,115300,100X,,
95443,116900,116X,,
95449,109400,031X,,
95450,112800,075X,,
95451,115900,106X,,
95457,114200,089X,,
95458,113300,080X,,
95466,112100,058X,,
95467,116400,111X,,
95468,112300,070X,-41.33710000,174.81700000
95476,111600,053X,,
95482,108600,023X,,
95485,108800,025X,,
95486,112800,075X,,
95489,115950,106Y,52.62970000,-3.15389000
95491,112100,058X,,
95498,117300,120X,-35.77130000,174.36200000
95499,113700,084X,,
95500,112400,071X,,
95502,116900,116X,-41.74060000,171.58000000
95505,114700,094X,,
95509,113500,082X,,
95510,113200,079X,,
95513,109300,030X,,
95515,116000,107X,-39.95900000,175.02700000
95516,114850,095Y,,
95525,115700,104X,,
95531,113900,086X,,
95538,108600,023X,54.73720000,-113.20000000
95539,114500,092X,,
95541,113100,078X,34.71260000,139.41300000
95543,111800,055X,,
95546,110100,038X,,
95554,114200,089X,,
95556,117000,117X,,
95558,113100,078X,,
95561,113500,082X,34.70460000,136.95700000
95562,114500,092X,,
95563,112400,071X,-10.43020000,105.69000000
95567,116100,108X,,
95569,109900,036X,,
95572,109800,035X,,
95573,117800,125X,,
95576,133800,065X,,
95577,115400,101X,,
95592,110300,040X,,
95593,116700,114X,,
95596,113400,081X,,
95601,109800,035X,,
95602,111000,047X,,
95605,117700,124X,,
95609,110600,043X,,
95611,113300,080X,,
95612,115800,105X,,
95613,112400,071X,,
95620,113700,084X,,
95624,117700,124X,,
95627,114500,092X,,
95628,115700,104X,,
95631,116500,112X,,
95632,113800,085X,,
95636,112700,074X,,
95638,113500,082X,,
95639,108900,026X,,
95644,113900,086X,,
95645,113300,080X,,
95647,109000,027X,,
95649,116100,108X,,
95651,117500,122X,,
95653,115900,106X,,
95654,112800,075X,,
95655,117600,123X,,
95658,113200,079X,,
95660,115200,099X,38.36080000,-2.35283000
95662,112500,072X,,
95663,113100,078X,,
95666,113000,077X,,
95669,117900,126X,,
95674,112300,070X,,
95676,112200,059X,,
95679,115400,101X,,
95680,114200,089X,,
95681,112000,057X,,
95691,113900,086X,,
95692,115100,098X,,
95696,116900,116X,,
95697,113000,077X,,
95699,113500,082X,,
95705,115800,105X,,
95707,113100,078X,,
95708,114900,096X,,
95717,117000,117X,,
95720,112700,074X,,
95721,116000,107X,,
95722,111400,051X,,
95740,110600,043X,,
95743,112600,073X,,
95746,113400,081X,,
95747,112000,057X,,
95748,112900,076X,,
95751,114500,092X,,
95753,112100,058X,,
95756,116700,114X,,
95760,113600,083X,,
95761,112900,076X,,
95763,115050,097Y,,
95765,109000,027X,,
95767,113100,078X,,
95768,108600,023X,,
95771,112500,072X,,
95772,115200,099X,,
95777,114600,093X,,
95779,113300,080X,,
95780,113800,085X,,
95781,115500,102X,,
95783,114600,093X,,
95784,117500,122X,,
95785,113000,077X,,
95787,117200,119X,,
95788,114600,093X,,
95798,113500,082X,,
95801,112800,075X,,
95802,113600,083X,,
95804,113800,085X,,
95805,113700,084X,,
95806,114900,096X,,
95807,113300,080X,,
95809,115700,104X,,
95810,117300,120X,,
95812,114100,088X,,
95813,113100,078X,,
95814,115800,105X,,
95815,112700,074X,,
95816,114900,096X,,
95820,112100,058X,,
95822,112250,059Y,,
95824,112800,075X,,
95825,114000,087X,,
95826,114300,090X,,
95829,112400,071X,,
95830,112300,070X,,
95832,109600,033X,,
95835,113500,082X,,
95836,116550,112Y,,
95839,112400,071X,,
95840,117350,120Y,,
95841,115900,106X,,
95844,115700,104X,,
95845,116500,112X,,
95853,113000,077X,,
95856,112900,076X,,
95860,116550,112Y,,
95863,113000,077X,,
95865,112700,074X,,
95870,109300,030X,,
95873,116300,110X,,
95875,117300,120X,,
95879,112300,070X,,
95880,114100,088X,,
95881,113700,084X,,
95882,112500,072X,,
95883,112700,074X,,
95884,115900,106X,,
95885,117700,124X,,
95887,116600,113X,-43.39890000,172.38500000
95891,115500,102X,,
95892,112300,070X,,
95893,113600,083X,,
95896,115000,097X,,
95899,112100,058X,,
95900,116200,109X,,
95902,115600,103X,,
95903,114200,089X,,
95910,112300,070X,,
95911,117200,119X,,
95912,116600,113X,,
95913,112700,074X,,
95915,115400,101X,,
95916,116700,114X,,
95917,114700,094X,,
95918,112900,076X,,
95920,113800,085X,,
95922,113700,084X,,
95923,112600,073X,,
95924,117400,121X,,
95925,114100,088X,,
95926,117300,120X,,
95927,113500,082X,,
95930,115900,106X,,
95931,112150,058Y,,
95935,112800,075X,,
95936,117700,124X,,
95939,115500,102X,,
95942,114100,088X,,
95944,112000,057X,,
95945,109200,029X,,
95946,112500,072X,,
95956,111700,054X,,
95957,108800,025X,50.39810000,-113.28300000
95962,113700,084X,,
95964,112900,076X,,
95965,114100,088X,,
95967,110800,045X,,
95969,113900,086X,,
95971,113400,081X,,
95972,113000,077X,41.65790000,-1.03076000
95976,117700,124X,,
95977,115700,104X,,
95983,116700,114X,,
95987,117600,123X,,
95988,114900,096X,,
95991,108600,023X,,
95993,116000,107X,,
96001,116600,113X,,
96012,113200,079X,,
96014,115600,103X,,
96027,115500,102X,,
96033,113800,085X,,
96035,114700,094X,,
96036,112800,075X,,
96037,114500,092X,,
96039,113800,085X,,
96055,116800,115X,,
96065,117100,118X,41.53020000,-5.63976000
96075,109100,028X,,
96081,116850,115Y,,
96088,113300,080X,,
96091,112700,074X,,
96109,109700,034X,,
96115,115300,100X,,
96122,112900,076X,,
96130,110050,037Y,,
96132,116700,114X,,
96135,113400,081X,,
96138,112300,070X,,
96146,114300,090X,,
96149,114800,095X,,
96159,114300,090X,,
96163,112100,058X,,
96166,109200,029X,,
96171,133700,064X,,
96176,111400,051X,,
